Date,Price,sma,diff,threshold,signal,change,pnl
1/1/2020,7199.80,0.00,0.06,0,,,
2/1/2020,6967.00,0.00,0.06,0,-0.032334232,0,
3/1/2020,7343.10,0.00,0.06,0,0.053983063,0,
4/1/2020,7376.80,0.00,0.06,0,0.004589342,0,
5/1/2020,7372.50,0.00,0.06,0,-0.000582909,0,
6/1/2020,7759.10,0.00,0.06,0,0.052438115,0,
7/1/2020,8155.70,0.00,0.06,0,0.051114176,0,
8/1/2020,8059.60,0.00,0.06,0,-0.01178317,0,
9/1/2020,7842.40,0.00,0.06,0,-0.026949228,0,
10/1/2020,8187.10,0.00,0.06,0,0.043953382,0,
11/1/2020,8024.10,0.00,0.06,0,-0.01990937,0,
12/1/2020,8187.60,0.00,0.06,0,0.020376117,0,
01/13/2020,8111.40,0.00,0.06,0,-0.009306757,0,
01/14/2020,8829.20,0.00,0.06,0,0.088492739,0,
01/15/2020,8818.30,0.00,0.06,0,-0.00123454,0,
01/16/2020,8726.90,0.00,0.06,0,-0.01036481,0,
01/17/2020,8913.10,0.00,0.06,0,0.021336328,0,
01/18/2020,8916.30,0.00,0.06,0,0.000359022,0,
01/19/2020,8706.20,0.00,0.06,0,-0.023563586,0,
01/20/2020,8641.90,0.00,0.06,0,-0.007385541,0,
01/21/2020,8732.60,0.00,0.06,0,0.010495377,0,
01/22/2020,8678.50,0.00,0.06,0,-0.006195177,0,
01/23/2020,8405.10,0.00,0.06,0,-0.03150314,0,
01/24/2020,8439.90,0.00,0.06,0,0.004140343,0,
01/25/2020,8341.60,0.00,0.06,0,-0.011647057,0,
01/26/2020,8607.80,0.00,0.06,0,0.031912343,0,
01/27/2020,8866.60,0.00,0.06,0,0.030065754,0,
01/28/2020,9377.30,0.00,0.06,0,0.057598177,0,
01/29/2020,9298.90,0.00,0.06,0,-0.008360616,0,
01/30/2020,9507.30,0.00,0.06,0,0.022411253,0,
01/31/2020,9349.10,0.00,0.06,0,-0.016639845,0,
1/2/2020,9381.60,0.00,0.06,0,0.00347627,0,
2/2/2020,9334.90,0.00,0.06,0,-0.004977829,0,
3/2/2020,9296.60,0.00,0.06,0,-0.004102883,0,
4/2/2020,9193.90,0.00,0.06,0,-0.011047049,0,
5/2/2020,9611.80,0.00,0.06,0,0.045454051,0,
6/2/2020,9772.00,0.00,0.06,0,0.016667013,0,
7/2/2020,9818.60,0.00,0.06,0,0.004768727,0,
8/2/2020,9895.50,0.00,0.06,0,0.007832074,0,
9/2/2020,10151.50,0.00,0.06,0,0.025870345,0,
10/2/2020,9854.10,0.00,0.06,0,-0.029296163,0,
11/2/2020,10229.50,0.00,0.06,0,0.038095818,0,
12/2/2020,10317.70,0.00,0.06,0,0.008622122,0,
02/13/2020,10235.10,0.00,0.06,0,-0.00800566,0,
02/14/2020,10333.00,0.00,0.06,0,0.009565124,0,
02/15/2020,9907.70,0.00,0.06,0,-0.041159392,0,
02/16/2020,9932.30,0.00,0.06,0,0.002482917,0,
02/17/2020,9701.40,0.00,0.06,0,-0.023247385,0,
02/18/2020,10158.40,0.00,0.06,0,0.047106603,0,
02/19/2020,9609.40,0.00,0.06,0,-0.054043944,0,
02/20/2020,9602.40,0.00,0.06,0,-0.000728453,0,
02/21/2020,9684.50,0.00,0.06,0,0.008549946,0,
02/22/2020,9655.70,0.00,0.06,0,-0.002973824,0,
02/23/2020,9942.70,0.00,0.06,0,0.029723376,0,
02/24/2020,9662.70,0.00,0.06,0,-0.028161365,0,
02/25/2020,9317.20,0.00,0.06,0,-0.035756052,0,
02/26/2020,8800.30,0.00,0.06,0,-0.055478041,0,
02/27/2020,8818.60,0.00,0.06,0,0.002079475,0,
02/28/2020,8697.50,8994.2271,-0.03,0.06,0,-0.013732338,0
02/29/2020,8543.70,8986.7183,-0.05,0.06,0,-0.017683242,0
1/3/2020,8540.00,9009.055,-0.05,0.06,0,-0.000433068,0
2/3/2020,8904.80,9041.3517,-0.02,0.06,0,0.042716628,0
3/3/2020,8761.40,9064.99,-0.03,0.06,0,-0.016103674,0
4/3/2020,8757.90,9088.0083,-0.04,0.06,0,-0.00039948,0
5/3/2020,9060.30,9116.1383,-0.01,0.06,0,0.034528825,0
6/3/2020,9134.80,9139.0667,0.00,0.06,0,0.008222686,0
7/3/2020,8887.80,9151.2683,-0.03,0.06,0,-0.027039454,0
8/3/2020,8034.10,9150.8433,-0.12,0.06,0,-0.096053016,0
9/3/2020,7933.00,9152.3533,-0.13,0.06,0,-0.012583861,0
10/3/2020,7891.20,9147.4217,-0.14,0.06,0,-0.005269129,0
11/3/2020,7935.10,9145.9383,-0.13,0.06,0,0.005563159,0
12/3/2020,4826.00,9089.9117,-0.47,0.06,0,-0.391816108,0
03/13/2020,5584.30,9047.7933,-0.38,0.06,0,0.157128056,0
03/14/2020,5182.70,8987.0183,-0.42,0.06,0,-0.071915907,0
03/15/2020,5366.30,8929.485,-0.40,0.06,0,0.03542555,0
03/16/2020,5030.00,8867.87,-0.43,0.06,0,-0.062668878,0
03/17/2020,5261.10,8807.0033,-0.40,0.06,0,0.045944334,0
03/18/2020,5361.40,8747.755,-0.39,0.06,0,0.019064454,0
03/19/2020,6172.00,8705.5183,-0.29,0.06,0,0.151191853,0
03/20/2020,6205.30,8664.9083,-0.28,0.06,0,0.005395334,0
03/21/2020,6186.20,8622.4683,-0.28,0.06,0,-0.003078014,0
03/22/2020,5822.10,8574.8617,-0.32,0.06,0,-0.05885681,0
03/23/2020,6468.90,8542.5917,-0.24,0.06,0,0.111093935,0
03/24/2020,6744.60,8514.3367,-0.21,0.06,0,0.042619302,0
03/25/2020,6678.90,8486.625,-0.21,0.06,0,-0.009741126,0
03/26/2020,6725.10,8455.2467,-0.20,0.06,0,0.006917307,0
03/27/2020,6373.40,8413.6933,-0.24,0.06,0,-0.05229662,0
03/28/2020,6233.70,8361.3,-0.25,0.06,0,-0.021919227,0
03/29/2020,5890.40,8304.4917,-0.29,0.06,0,-0.055071627,0
03/30/2020,6391.00,8252.5533,-0.23,0.06,0,0.08498574,0
03/31/2020,6412.50,8203.61,-0.22,0.06,0,0.003364106,0
1/4/2020,6638.50,8157.8917,-0.19,0.06,0,0.035243665,0
2/4/2020,6800.50,8115.6517,-0.16,0.06,0,0.024403103,0
3/4/2020,6735.90,8072.9733,-0.17,0.06,0,-0.009499302,0
4/4/2020,6857.40,8034.0317,-0.15,0.06,0,0.018037679,0
5/4/2020,6772.70,7986.7133,-0.15,0.06,0,-0.01235162,0
6/4/2020,7332.30,7946.0517,-0.08,0.06,0,0.082625836,0
7/4/2020,7185.20,7902.1617,-0.09,0.06,0,-0.020061918,0
8/4/2020,7361.20,7859.9233,-0.06,0.06,0,0.024494795,0
9/4/2020,7289.00,7812.215,-0.07,0.06,0,-0.009808183,0
10/4/2020,6863.10,7762.365,-0.12,0.06,0,-0.058430512,0
11/4/2020,6867.80,7706.3367,-0.11,0.06,0,0.000684822,0
12/4/2020,6917.60,7649.6683,-0.10,0.06,0,0.00725123,0
04/13/2020,6841.30,7593.105,-0.10,0.06,0,-0.011029837,0
04/14/2020,6850.90,7535.07,-0.09,0.06,0,0.001403242,0
04/15/2020,6629.10,7480.4267,-0.11,0.06,0,-0.032375308,0
04/16/2020,7085.60,7432.9817,-0.05,0.06,0,0.068863043,0
04/17/2020,7035.80,7388.555,-0.05,0.06,0,-0.007028339,0
04/18/2020,7230.80,7339.7617,-0.01,0.06,0,0.027715398,0
04/19/2020,7122.90,7298.32,-0.02,0.06,0,-0.014922277,0
04/20/2020,6833.50,7252.1717,-0.06,0.06,0,-0.040629519,0
04/21/2020,6842.50,7204.805,-0.05,0.06,0,0.001317041,0
04/22/2020,7112.90,7162.425,-0.01,0.06,0,0.03951772,0
04/23/2020,7488.50,7121.5217,0.05,0.06,0,0.052805466,0
04/24/2020,7503.80,7085.54,0.06,0.06,0,0.002043133,0
04/25/2020,7540.40,7055.9267,0.07,0.06,1,0.004877529,0
04/26/2020,7678.90,7037.2367,0.09,0.06,1,0.018367726,0.018368
04/27/2020,7766.00,7019.6933,0.11,0.06,1,0.01134277,0.011343
04/28/2020,7746.90,7003.85,0.11,0.06,1,-0.002459439,-0.00246
04/29/2020,8770.90,7007.6367,0.25,0.06,1,0.132181905,0.132182
04/30/2020,8629.00,7009.12,0.23,0.06,1,-0.016178499,-0.01618
1/5/2020,8821.60,7007.7333,0.26,0.06,1,0.022320083,0.02232
2/5/2020,8966.30,7011.1483,0.28,0.06,1,0.01640292,0.016403
3/5/2020,8885.50,7013.275,0.27,0.06,1,-0.009011521,-0.00901
4/5/2020,8874.70,7010.1817,0.27,0.06,1,-0.001215463,-0.00122
5/5/2020,9001.00,7007.9517,0.28,0.06,1,0.014231467,0.014231
6/5/2020,9151.40,7012.345,0.31,0.06,1,0.016709255,0.016709
7/5/2020,9979.80,7044.7733,0.42,0.06,1,0.090521669,0.090522
8/5/2020,9806.20,7075.9933,0.39,0.06,1,-0.017395138,-0.0174
9/5/2020,9554.60,7103.7167,0.35,0.06,1,-0.025657237,-0.02566
10/5/2020,8738.80,7117.1117,0.23,0.06,1,-0.085382957,-0.08538
11/5/2020,8579.80,7179.675,0.20,0.06,1,-0.018194718,-0.01819
12/5/2020,8813.80,7233.5,0.22,0.06,1,0.027273363,0.027273
05/13/2020,9298.70,7302.1,0.27,0.06,1,0.055015998,0.055016
05/14/2020,9778.40,7375.635,0.33,0.06,1,0.051587856,0.051588
05/15/2020,9318.00,7447.1017,0.25,0.06,1,-0.047083367,-0.04708
05/16/2020,9379.50,7515.7417,0.25,0.06,1,0.006600129,0.0066
05/17/2020,9677.70,7587.68,0.28,0.06,1,0.031792739,0.031793
05/18/2020,9730.70,7646.9917,0.27,0.06,1,0.005476508,0.005477
05/19/2020,9773.30,7706.4583,0.27,0.06,1,0.004377897,0.004378
05/20/2020,9512.30,7761.8933,0.23,0.06,1,-0.026705412,-0.02671
05/21/2020,9059.00,7815.8417,0.16,0.06,1,-0.04765409,-0.04765
05/22/2020,9169.70,7860.855,0.17,0.06,1,0.012219892,0.01222
05/23/2020,9177.00,7901.395,0.16,0.06,1,0.0007961,0.000796
05/24/2020,8728.20,7935.55,0.10,0.06,1,-0.048904871,-0.0489
05/25/2020,8898.20,7971.7683,0.12,0.06,1,0.019477097,0.019477
05/26/2020,8842.50,8012.92,0.10,0.06,1,-0.006259693,-0.00626
05/27/2020,9199.10,8062.3433,0.14,0.06,1,0.040327962,0.040328
05/28/2020,9572.20,8123.7067,0.18,0.06,1,0.040558315,0.040558
05/29/2020,9424.80,8174.27,0.15,0.06,1,-0.015398759,-0.0154
05/30/2020,9692.50,8228.9367,0.18,0.06,1,0.028403786,0.028404
05/31/2020,9454.80,8275.875,0.14,0.06,1,-0.024524117,-0.02452
1/6/2020,10189.30,8332.355,0.22,0.06,1,0.077685408,0.077685
2/6/2020,9527.60,8378.8833,0.14,0.06,1,-0.064940673,-0.06494
3/6/2020,9667.20,8425.7133,0.15,0.06,1,0.014652168,0.014652
4/6/2020,9794.40,8476.075,0.16,0.06,1,0.013157895,0.013158
5/6/2020,9631.20,8514.39,0.13,0.06,1,-0.016662583,-0.01666
6/6/2020,9669.60,8555.7967,0.13,0.06,1,0.003987042,0.003987
7/6/2020,9742.60,8595.4867,0.13,0.06,1,0.007549433,0.007549
8/6/2020,9777.90,8636.9683,0.13,0.06,1,0.003623263,0.003623
9/6/2020,9768.80,8685.3967,0.12,0.06,1,-0.00093067,-0.00093
10/6/2020,9878.80,8735.58,0.13,0.06,1,0.011260339,0.01126
11/6/2020,9283.20,8775.0067,0.06,0.06,0,-0.060290724,-0.06029
12/6/2020,9466.60,8818.7617,0.07,0.06,1,0.019756119,0
06/13/2020,9471.30,8862.435,0.07,0.06,1,0.000496482,0.000496
06/14/2020,9345.30,8907.705,0.05,0.06,0,-0.013303348,-0.0133
06/15/2020,9425.40,8946.7017,0.05,0.06,0,0.008571153,0
06/16/2020,9523.50,8988.1633,0.06,0.06,0,0.010408046,0
06/17/2020,9464.60,9025.3933,0.05,0.06,0,-0.006184701,0
06/18/2020,9388.10,9063.1467,0.04,0.06,0,-0.00808275,0
06/19/2020,9314.00,9104.4883,0.02,0.06,0,-0.007892971,0
06/20/2020,9358.80,9146.4267,0.02,0.06,0,0.004809963,0
06/21/2020,9296.40,9182.8183,0.01,0.06,0,-0.006667521,0
06/22/2020,9683.70,9219.405,0.05,0.06,0,0.041661288,0
06/23/2020,9624.60,9254.7517,0.04,0.06,0,-0.006103039,0
06/24/2020,9302.00,9284.1117,0.00,0.06,0,-0.033518276,0
06/25/2020,9247.50,9310.255,-0.01,0.06,0,-0.005858955,0
06/26/2020,9160.00,9333.4883,-0.02,0.06,0,-0.009462017,0
06/27/2020,9008.30,9354.5117,-0.04,0.06,0,-0.016561135,0
06/28/2020,9124.00,9360.3967,-0.03,0.06,0,0.012843711,0
06/29/2020,9185.40,9369.67,-0.02,0.06,0,0.006729505,0
06/30/2020,9135.40,9374.9,-0.03,0.06,0,-0.005443421,0
1/7/2020,9229.90,9379.2933,-0.02,0.06,0,0.010344375,0
2/7/2020,9085.10,9382.62,-0.03,0.06,0,-0.015688144,0
3/7/2020,9067.10,9385.8267,-0.03,0.06,0,-0.001981266,0
4/7/2020,9134.40,9388.05,-0.03,0.06,0,0.007422439,0
5/7/2020,9081.00,9386.8767,-0.03,0.06,0,-0.005846033,0
6/7/2020,9339.00,9376.1967,0.00,0.06,0,0.028410968,0
7/7/2020,9256.00,9367.0267,-0.01,0.06,0,-0.008887461,0
8/7/2020,9429.90,9364.9483,0.01,0.06,0,0.018787813,0
9/7/2020,9235.70,9373.23,-0.01,0.06,0,-0.020594068,0
10/7/2020,9285.10,9384.985,-0.01,0.06,0,0.00534881,0
11/7/2020,9233.30,9391.9767,-0.02,0.06,0,-0.005578831,0
12/7/2020,9300.80,9392.0117,-0.01,0.06,0,0.007310496,0
07/13/2020,9243.60,9383.0983,-0.01,0.06,0,-0.006150009,0
07/14/2020,9253.40,9382.0217,-0.01,0.06,0,0.001060193,0
07/15/2020,9198.70,9379.0083,-0.02,0.06,0,-0.005911341,0
07/16/2020,9135.30,9369.9683,-0.03,0.06,0,-0.006892278,0
07/17/2020,9155.80,9360.3867,-0.02,0.06,0,0.002244042,0
07/18/2020,9170.20,9350.335,-0.02,0.06,0,0.001572774,0
07/19/2020,9208.00,9345.2633,-0.01,0.06,0,0.004122048,0
07/20/2020,9162.40,9346.9867,-0.02,0.06,0,-0.004952215,0
07/21/2020,9387.30,9350.6133,0.00,0.06,0,0.02454597,0
07/22/2020,9513.70,9356.225,0.02,0.06,0,0.013465001,0
07/23/2020,9599.60,9370.7483,0.02,0.06,0,0.009029084,0
07/24/2020,9546.40,9381.5517,0.02,0.06,0,-0.005541898,0
07/25/2020,9704.10,9395.9117,0.03,0.06,0,0.016519316,0
07/26/2020,9932.50,9408.135,0.06,0.06,0,0.023536443,0
07/27/2020,11022.80,9432.3117,0.17,0.06,1,0.109770954,0
07/28/2020,10908.50,9457.04,0.15,0.06,1,-0.010369416,-0.01037
07/29/2020,11105.90,9480.5967,0.17,0.06,1,0.01809598,0.018096
07/30/2020,11096.20,9507.9533,0.17,0.06,1,-0.00087341,-0.00087
07/31/2020,11333.40,9527.0217,0.19,0.06,1,0.021376688,0.021377
1/8/2020,11803.10,9564.9467,0.23,0.06,1,0.041443874,0.041444
2/8/2020,11066.80,9588.2733,0.15,0.06,1,-0.062381917,-0.06238
3/8/2020,11224.40,9612.1067,0.17,0.06,1,0.014240792,0.014241
4/8/2020,11184.70,9637.9983,0.16,0.06,1,-0.003536937,-0.00354
5/8/2020,11735.10,9672.4233,0.21,0.06,1,0.049210082,0.04921
6/8/2020,11757.10,9705.9983,0.21,0.06,1,0.001874718,0.001875
7/8/2020,11592.00,9736.2333,0.19,0.06,1,-0.014042579,-0.01404
8/8/2020,11764.30,9769.4917,0.20,0.06,1,0.014863699,0.014864
9/8/2020,11681.20,9799.5317,0.19,0.06,1,-0.007063744,-0.00706
10/8/2020,11889.20,9842.965,0.21,0.06,1,0.01780639,0.017806
11/8/2020,11390.40,9875.0283,0.15,0.06,1,-0.041954042,-0.04195
12/8/2020,11557.20,9909.7933,0.17,0.06,1,0.014643911,0.014644
08/13/2020,11770.90,9950.22,0.18,0.06,1,0.018490638,0.018491
08/14/2020,11750.80,9988.9767,0.18,0.06,1,-0.001707601,-0.00171
08/15/2020,11845.30,10027.673,0.18,0.06,1,0.008042006,0.008042
08/16/2020,11899.00,10068.247,0.18,0.06,1,0.004533444,0.004533
08/17/2020,12282.60,10116.488,0.21,0.06,1,0.032238003,0.032238
08/18/2020,11947.60,10160.382,0.18,0.06,1,-0.027274356,-0.02727
08/19/2020,11750.20,10200.238,0.15,0.06,1,-0.016522147,-0.01652
08/20/2020,11856.90,10242.913,0.16,0.06,1,0.009080696,0.009081
08/21/2020,11529.20,10273.672,0.12,0.06,1,-0.027637915,-0.02764
08/22/2020,11661.30,10307.617,0.13,0.06,1,0.011457864,0.011458
08/23/2020,11641.60,10346.61,0.13,0.06,1,-0.001689349,-0.00169
08/24/2020,11753.50,10388.377,0.13,0.06,1,0.009612081,0.009612
08/25/2020,11324.80,10424.457,0.09,0.06,1,-0.036474242,-0.03647
08/26/2020,11462.30,10465.357,0.10,0.06,1,0.012141495,0.012141
08/27/2020,11327.40,10502.08,0.08,0.06,1,-0.011769017,-0.01177
08/28/2020,11527.40,10541.113,0.09,0.06,1,0.017656302,0.017656
08/29/2020,11468.10,10579.992,0.08,0.06,1,-0.005144265,-0.00514
08/30/2020,11702.00,10621.193,0.10,0.06,1,0.020395706,0.020396
08/31/2020,11644.20,10663.845,0.09,0.06,1,-0.004939327,-0.00494
1/9/2020,11914.90,10711.308,0.11,0.06,1,0.023247625,0.023248
2/9/2020,11413.30,10749.29,0.06,0.06,1,-0.042098549,-0.0421
3/9/2020,10168.80,10767.42,-0.06,0.06,0,-0.109039454,-0.10904
4/9/2020,10472.50,10786.312,-0.03,0.06,0,0.029865864,0
5/9/2020,10092.20,10800.248,-0.07,0.06,0,-0.036314156,0
6/9/2020,10296.40,10814.69,-0.05,0.06,0,0.020233448,0
7/9/2020,10376.90,10833.71,-0.04,0.06,0,0.007818267,0
8/9/2020,10126.60,10847.735,-0.07,0.06,0,-0.024120884,0
9/9/2020,10224.60,10864.257,-0.06,0.06,0,0.009677483,0
10/9/2020,10339.70,10881.572,-0.05,0.06,0,0.011257164,0
11/9/2020,10390.20,10900.682,-0.05,0.06,0,0.004884088,0
12/9/2020,10441.90,10920.49,-0.04,0.06,0,0.004975843,0
09/13/2020,10326.00,10939.278,-0.06,0.06,0,-0.011099513,0
09/14/2020,10675.30,10964.945,-0.03,0.06,0,0.033827232,0
09/15/2020,10785.30,10992.103,-0.02,0.06,0,0.01030416,0
09/16/2020,10949.50,11021.758,-0.01,0.06,0,0.015224426,0
09/17/2020,10941.30,11050.647,-0.01,0.06,0,-0.000748893,0
09/18/2020,10933.00,11080.157,-0.01,0.06,0,-0.000758594,0
09/19/2020,11081.80,11108.398,0.00,0.06,0,0.013610171,0
09/20/2020,10921.50,11131.862,-0.02,0.06,0,-0.014465159,0
09/21/2020,10416.80,11145.482,-0.07,0.06,0,-0.046211601,0
09/22/2020,10531.50,11161.9,-0.06,0.06,0,0.011011059,0
09/23/2020,10237.30,11170.787,-0.08,0.06,0,-0.027935242,0
09/24/2020,10739.40,11184.235,-0.04,0.06,0,0.049046135,0
09/25/2020,10688.80,11178.668,-0.04,0.06,0,-0.004711623,0
09/26/2020,10727.90,11175.658,-0.04,0.06,0,0.003658035,0
09/27/2020,10776.20,11170.163,-0.04,0.06,0,0.004502279,0
09/28/2020,10693.20,11163.447,-0.04,0.06,0,-0.007702158,0
09/29/2020,10840.90,11155.238,-0.03,0.06,0,0.013812516,0
09/30/2020,10776.10,11138.122,-0.03,0.06,0,-0.005977364,0
1/10/2020,10620.50,11130.683,-0.05,0.06,0,-0.014439361,0
2/10/2020,10572.30,11119.815,-0.05,0.06,0,-0.004538393,0
3/10/2020,10544.20,11109.14,-0.05,0.06,0,-0.002657889,0
4/10/2020,10672.90,11091.437,-0.04,0.06,0,0.012205762,0
5/10/2020,10789.50,11075.31,-0.03,0.06,0,0.010924866,0
6/10/2020,10602.60,11058.82,-0.04,0.06,0,-0.017322397,0
7/10/2020,10670.90,11040.597,-0.03,0.06,0,0.006441816,0
8/10/2020,10924.10,11027.978,-0.01,0.06,0,0.023728083,0
9/10/2020,11054.20,11014.062,0.00,0.06,0,0.011909448,0
10/10/2020,11298.40,11012.528,0.03,0.06,0,0.022091151,0
11/10/2020,11371.00,11009.425,0.03,0.06,0,0.006425689,0
12/10/2020,11533.90,11005.475,0.05,0.06,0,0.014325917,0
10/13/2020,11423.80,11000.025,0.04,0.06,0,-0.009545774,0
10/14/2020,11420.40,10992.943,0.04,0.06,0,-0.000297624,0
10/15/2020,11503.00,10986.343,0.05,0.06,0,0.007232671,0
10/16/2020,11322.00,10970.333,0.03,0.06,0,-0.015735026,0
10/17/2020,11362.10,10960.575,0.04,0.06,0,0.003541777,0
10/18/2020,11506.90,10956.52,0.05,0.06,0,0.012744123,0
10/19/2020,11753.40,10954.795,0.07,0.06,1,0.021421929,0
10/20/2020,11913.50,10961.2,0.09,0.06,1,0.01362159,0.013622
10/21/2020,12808.70,10980.323,0.17,0.06,1,0.075141646,0.075142
10/22/2020,12974.60,11002.54,0.18,0.06,1,0.012952134,0.012952
10/23/2020,12934.10,11022.217,0.17,0.06,1,-0.003121484,-0.00312
10/24/2020,13117.20,11052.09,0.19,0.06,1,0.014156377,0.014156
10/25/2020,13032.20,11078.255,0.18,0.06,1,-0.006480041,-0.00648
10/26/2020,13061.60,11107.158,0.18,0.06,1,0.002255951,0.002256
10/27/2020,13657.80,11142.665,0.23,0.06,1,0.04564525,0.045645
10/28/2020,13278.90,11172.845,0.19,0.06,1,-0.027742389,-0.02774
10/29/2020,13457.20,11202.098,0.20,0.06,1,0.013427317,0.013427
10/30/2020,13559.90,11234.027,0.21,0.06,1,0.007631602,0.007632
10/31/2020,13797.30,11265.4,0.22,0.06,1,0.017507504,0.017508
1/11/2020,13759.40,11304.502,0.22,0.06,1,-0.002746914,-0.00275
2/11/2020,13561.40,11361.045,0.19,0.06,1,-0.014390162,-0.01439
3/11/2020,14019.90,11420.168,0.23,0.06,1,0.033809194,0.033809
4/11/2020,14145.60,11487.725,0.23,0.06,1,0.008965827,0.008966
5/11/2020,15587.10,11575.903,0.35,0.06,1,0.101904479,0.101904
6/11/2020,15577.90,11662.587,0.34,0.06,1,-0.000590232,-0.00059
7/11/2020,14828.40,11740.95,0.26,0.06,1,-0.048113032,-0.04811
8/11/2020,15483.70,11828.602,0.31,0.06,1,0.044192226,0.044192
9/11/2020,15327.20,11911.727,0.29,0.06,1,-0.010107403,-0.01011
10/11/2020,15303.60,11993.617,0.28,0.06,1,-0.001539746,-0.00154
11/11/2020,15695.80,12081.182,0.30,0.06,1,0.025627957,0.025628
12/11/2020,16294.70,12180.66,0.34,0.06,1,0.038156704,0.038157
11/13/2020,16324.20,12274.808,0.33,0.06,1,0.001810405,0.00181
11/14/2020,16071.00,12362.903,0.30,0.06,1,-0.015510714,-0.01551
11/15/2020,15953.00,12446.295,0.28,0.06,1,-0.007342418,-0.00734
11/16/2020,16715.80,12542.537,0.33,0.06,1,0.047815458,0.047815
11/17/2020,17662.30,12654.692,0.40,0.06,1,0.056623075,0.056623
11/18/2020,17774.60,12766.238,0.39,0.06,1,0.006358175,0.006358
11/19/2020,17803.50,12880.938,0.38,0.06,1,0.001625916,0.001626
11/20/2020,18675.20,13018.578,0.43,0.06,1,0.048962283,0.048962
11/21/2020,18687.20,13154.507,0.42,0.06,1,0.000642563,0.000643
11/22/2020,18412.90,13290.767,0.39,0.06,1,-0.014678497,-0.01468
11/23/2020,18379.60,13418.103,0.37,0.06,1,-0.001808515,-0.00181
11/24/2020,19152.60,13559.167,0.41,0.06,1,0.042057499,0.042057
11/25/2020,18723.00,13692.418,0.37,0.06,1,-0.022430375,-0.02243
11/26/2020,17162.00,13798.848,0.24,0.06,1,-0.083373391,-0.08337
11/27/2020,17127.10,13906.08,0.23,0.06,1,-0.002033563,-0.00203
11/28/2020,17730.70,14020.91,0.26,0.06,1,0.035242394,0.035242
11/29/2020,18185.50,14144.4,0.29,0.06,1,0.025650426,0.02565
11/30/2020,19698.10,14295.693,0.38,0.06,1,0.083176157,0.083176
1/12/2020,18770.70,14432.333,0.30,0.06,1,-0.047080683,-0.04708
2/12/2020,19218.80,14576.91,0.32,0.06,1,0.023872312,0.023872
3/12/2020,19433.30,14722.917,0.32,0.06,1,0.011160947,0.011161
4/12/2020,18658.10,14854.06,0.26,0.06,1,-0.039890291,-0.03989
5/12/2020,19146.50,14996.458,0.28,0.06,1,0.026176299,0.026176
6/12/2020,19379.90,15141.608,0.28,0.06,1,0.012190218,0.01219
7/12/2020,19170.70,15279.052,0.25,0.06,1,-0.010794689,-0.01079
8/12/2020,18326.60,15400.258,0.19,0.06,1,-0.044030734,-0.04403
9/12/2020,18546.00,15521.052,0.19,0.06,1,0.01197167,0.011972
10/12/2020,18247.20,15635.655,0.17,0.06,1,-0.016111291,-0.01611
11/12/2020,18023.60,15743.817,0.14,0.06,1,-0.012253935,-0.01225
12/12/2020,18808.90,15866.902,0.19,0.06,1,0.043570652,0.043571
12/13/2020,19176.80,15996.175,0.20,0.06,1,0.019559889,0.01956
12/14/2020,19273.80,16125.688,0.20,0.06,1,0.005058195,0.005058
12/15/2020,19434.90,16260.903,0.20,0.06,1,0.008358497,0.008358
12/16/2020,21352.20,16427.405,0.30,0.06,1,0.098652424,0.098652
12/17/2020,22825.40,16616.047,0.37,0.06,1,0.068995232,0.068995
12/18/2020,23127.90,16805.622,0.38,0.06,1,0.01325278,0.013253
12/19/2020,23844.00,17004.463,0.40,0.06,1,0.030962604,0.030963
12/20/2020,23474.90,17182.233,0.37,0.06,1,-0.015479785,-0.01548
12/21/2020,22728.50,17344.798,0.31,0.06,1,-0.031795663,-0.0318
12/22/2020,23823.20,17526.283,0.36,0.06,1,0.048164199,0.048164
12/23/2020,23257.90,17695.295,0.31,0.06,1,-0.02372897,-0.02373
12/24/2020,23736.50,17873.7,0.33,0.06,1,0.020577954,0.020578
12/25/2020,24689.60,18067.5,0.37,0.06,1,0.04015335,0.040153
12/26/2020,26454.40,18280.777,0.45,0.06,1,0.071479489,0.071479
12/27/2020,26261.30,18497.15,0.42,0.06,1,-0.007299353,-0.0073
12/28/2020,27057.80,18723.827,0.45,0.06,1,0.030329801,0.03033
12/29/2020,27376.00,18954.095,0.44,0.06,1,0.01176001,0.01176
12/30/2020,28868.70,19205.285,0.50,0.06,1,0.054525862,0.054526
12/31/2020,28949.40,19458.452,0.49,0.06,1,0.002795415,0.002795
1/1/2021,29359.90,19721.76,0.49,0.06,1,0.014179914,0.01418
2/1/2021,32193.30,20024.65,0.61,0.06,1,0.096505778,0.096506
3/1/2021,32958.90,20338.205,0.62,0.06,1,0.023781346,0.023781
4/1/2021,32022.60,20612.13,0.55,0.06,1,-0.028408108,-0.02841
5/1/2021,33991.50,20919.023,0.62,0.06,1,0.061484701,0.061485
6/1/2021,36793.20,21285.103,0.73,0.06,1,0.082423547,0.082424
7/1/2021,39460.20,21684.712,0.82,0.06,1,0.07248622,0.072486
8/1/2021,40599.30,22105.913,0.84,0.06,1,0.028867061,0.028867
9/1/2021,40151.90,22520.052,0.78,0.06,1,-0.011019894,-0.01102
10/1/2021,38192.20,22894.992,0.67,0.06,1,-0.048807155,-0.04881
11/1/2021,35544.30,23215.818,0.53,0.06,1,-0.069330911,-0.06933
12/1/2021,34076.10,23511.683,0.45,0.06,1,-0.041306201,-0.04131
01/13/2021,37382.20,23866.87,0.57,0.06,1,0.097021079,0.097021
01/14/2021,39175.70,24253.915,0.62,0.06,1,0.04797738,0.047977
01/15/2021,36845.80,24589.415,0.50,0.06,1,-0.059473092,-0.05947
01/16/2021,36019.50,24895.368,0.45,0.06,1,-0.022425894,-0.02243
01/17/2021,35839.60,25196.452,0.42,0.06,1,-0.004994517,-0.00499
01/18/2021,36613.20,25509.947,0.44,0.06,1,0.021585062,0.021585
01/19/2021,36002.90,25798.742,0.40,0.06,1,-0.016668852,-0.01667
01/20/2021,35476.30,26078.56,0.36,0.06,1,-0.0146266,-0.01463
01/21/2021,30842.10,26285.713,0.17,0.06,1,-0.130628053,-0.13063
01/22/2021,33000.50,26529.395,0.24,0.06,1,0.069982265,0.069982
01/23/2021,32088.90,26745,0.20,0.06,1,-0.027623824,-0.02762
01/24/2021,32241.30,26970.305,0.20,0.06,1,0.004749306,0.004749
01/25/2021,32252.30,27221.81,0.18,0.06,1,0.000341177,0.000341
01/26/2021,32502.10,27478.06,0.18,0.06,1,0.007745184,0.007745
01/27/2021,30404.00,27689.282,0.10,0.06,1,-0.064552752,-0.06455
01/28/2021,33374.80,27942.437,0.19,0.06,1,0.097710828,0.097711
01/29/2021,34301.80,28185.832,0.22,0.06,1,0.027775447,0.027775
01/30/2021,34283.10,28444.372,0.21,0.06,1,-0.000545161,-0.00055
01/31/2021,33108.10,28675.86,0.15,0.06,1,-0.034273447,-0.03427
1/2/2021,33515.70,28910.567,0.16,0.06,1,0.012311187,0.012311
2/2/2021,35485.20,29191.018,0.22,0.06,1,0.058763505,0.058764
3/2/2021,37646.80,29499.357,0.28,0.06,1,0.060915537,0.060916
4/2/2021,36982.10,29792.727,0.24,0.06,1,-0.017656215,-0.01766
5/2/2021,38297.60,30111.508,0.27,0.06,1,0.035571263,0.035571
6/2/2021,39256.60,30460.342,0.29,0.06,1,0.025040734,0.025041
7/2/2021,38852.90,30798.79,0.26,0.06,1,-0.010283621,-0.01028
8/2/2021,46395.70,31267.932,0.48,0.06,1,0.194137375,0.194137
9/2/2021,46508.60,31742.682,0.47,0.06,1,0.002433415,0.002433
10/2/2021,44836.00,32176.467,0.39,0.06,1,-0.035963241,-0.03596
11/2/2021,47990.70,32656.698,0.47,0.06,1,0.070360871,0.070361
12/2/2021,47371.70,33124.997,0.43,0.06,1,-0.012898332,-0.0129
02/13/2021,47168.70,33587.227,0.40,0.06,1,-0.004285259,-0.00429
02/14/2021,48643.40,34042.08,0.43,0.06,1,0.031264377,0.031264
02/15/2021,47936.30,34460.595,0.39,0.06,1,-0.014536402,-0.01454
02/16/2021,49169.70,34894.625,0.41,0.06,1,0.025729979,0.02573
02/17/2021,52079.20,35365.212,0.47,0.06,1,0.059172621,0.059173
02/18/2021,51582.20,35833.667,0.44,0.06,1,-0.009543157,-0.00954
02/19/2021,55906.60,36386.635,0.54,0.06,1,0.083835121,0.083835
02/20/2021,55923.70,36921.643,0.51,0.06,1,0.000305867,0.000306
02/21/2021,57433.80,37491.242,0.53,0.06,1,0.027002863,0.027003
02/22/2021,54111.80,37997.497,0.42,0.06,1,-0.057840505,-0.05784
02/23/2021,48911.20,38401.19,0.27,0.06,1,-0.096108427,-0.09611
02/24/2021,49697.50,38788.575,0.28,0.06,1,0.016076073,0.016076
02/25/2021,46928.50,39133.028,0.20,0.06,1,-0.055717088,-0.05572
02/26/2021,46345.60,39454.492,0.17,0.06,1,-0.012421023,-0.01242
02/27/2021,46136.70,39767.17,0.16,0.06,1,-0.00450744,-0.00451
02/28/2021,45164.00,40038.758,0.13,0.06,1,-0.021082999,-0.02108
1/3/2021,49595.50,40382.86,0.23,0.06,1,0.098120184,0.09812
2/3/2021,48424.20,40700.598,0.19,0.06,1,-0.023617062,-0.02362
3/3/2021,50395.10,41003.962,0.23,0.06,1,0.040700724,0.040701
4/3/2021,48428.00,41261.78,0.17,0.06,1,-0.039033557,-0.03903
5/3/2021,48792.50,41541.278,0.17,0.06,1,0.007526637,0.007527
6/3/2021,48855.60,41789.013,0.17,0.06,1,0.001293232,0.001293
7/3/2021,50982.30,42025.498,0.21,0.06,1,0.043530322,0.04353
8/3/2021,52311.00,42239.678,0.24,0.06,1,0.026061986,0.026062
9/3/2021,54879.00,42477.673,0.29,0.06,1,0.049091013,0.049091
10/3/2021,55851.90,42739.34,0.31,0.06,1,0.017728093,0.017728
11/3/2021,57799.50,43066.128,0.34,0.06,1,0.034870792,0.034871
12/3/2021,57265.10,43428.142,0.32,0.06,1,-0.009245755,-0.00925
03/13/2021,61195.30,43880.128,0.39,0.06,1,0.06863168,0.068632
03/14/2021,59113.70,44242.32,0.34,0.06,1,-0.034015684,-0.03402
03/15/2021,55791.30,44519.247,0.25,0.06,1,-0.056203553,-0.0562
03/16/2021,56889.70,44853.312,0.27,0.06,1,0.019687657,0.019688
03/17/2021,58913.50,45234.878,0.30,0.06,1,0.035574102,0.035574
03/18/2021,57656.00,45598.485,0.26,0.06,1,-0.021344853,-0.02134
03/19/2021,58088.00,45956.398,0.26,0.06,1,0.007492715,0.007493
03/20/2021,58093.40,46324.573,0.25,0.06,1,9.29624E-05,9.3E-05
03/21/2021,57383.80,46689.698,0.23,0.06,1,-0.012214813,-0.01221
03/22/2021,54158.30,47078.302,0.15,0.06,1,-0.056209244,-0.05621
03/23/2021,54452.50,47435.835,0.15,0.06,1,0.005432224,0.005432
03/24/2021,52325.40,47773.11,0.10,0.06,1,-0.039063404,-0.03906
03/25/2021,51322.30,48091.127,0.07,0.06,1,-0.019170422,-0.01917
03/26/2021,55036.10,48470.857,0.14,0.06,1,0.072362306,0.072362
03/27/2021,55862.90,48860.203,0.14,0.06,1,0.015022867,0.015023
03/28/2021,55765.20,49282.89,0.13,0.06,1,-0.001748925,-0.00175
03/29/2021,57616.20,49686.913,0.16,0.06,1,0.033192744,0.033193
03/30/2021,58771.30,50094.738,0.17,0.06,1,0.020048181,0.020048
03/31/2021,58763.70,50502.748,0.16,0.06,1,-0.000129315,-0.00013
1/4/2021,58718.30,50929.585,0.15,0.06,1,-0.000772586,-0.00077
2/4/2021,58977.30,51353.945,0.15,0.06,1,0.004410891,0.004411
3/4/2021,57059.90,51713.523,0.10,0.06,1,-0.032510813,-0.03251
4/4/2021,58199.90,52056.075,0.12,0.06,1,0.019979005,0.019979
5/4/2021,58993.40,52422.93,0.13,0.06,1,0.013634044,0.013634
6/4/2021,57996.30,52751.242,0.10,0.06,1,-0.016901891,-0.0169
7/4/2021,55948.70,53029.443,0.06,0.06,0,-0.035305701,-0.03531
8/4/2021,58077.40,53349.852,0.09,0.06,1,0.038047354,0
9/4/2021,58118.70,53545.235,0.09,0.06,1,0.00071112,0.000711
10/4/2021,59748.40,53765.898,0.11,0.06,1,0.028040889,0.028041
11/4/2021,59978.70,54018.277,0.11,0.06,1,0.003854497,0.003854
12/4/2021,59863.80,54216.162,0.10,0.06,1,-0.00191568,-0.00192
04/13/2021,63540.90,54485.648,0.17,0.06,1,0.061424433,0.061424
04/14/2021,62980.40,54749.177,0.15,0.06,1,-0.00882109,-0.00882
04/15/2021,63216.00,54992.053,0.15,0.06,1,0.003740846,0.003741
04/16/2021,61379.70,55216.11,0.11,0.06,1,-0.029048026,-0.02905
04/17/2021,60041.90,55397.313,0.08,0.06,1,-0.02179548,-0.0218
04/18/2021,56207.10,55466.112,0.01,0.06,0,-0.063868732,-0.06387
04/19/2021,55646.10,55533.843,0.00,0.06,0,-0.009980945,0
04/20/2021,56483.20,55543.453,0.02,0.06,0,0.015043282,0
04/21/2021,53820.20,55508.395,-0.03,0.06,0,-0.047146762,0
04/22/2021,51729.50,55413.323,-0.07,0.06,0,-0.038846009,0
04/23/2021,51143.60,55363.853,-0.08,0.06,0,-0.011326226,0
04/24/2021,50088.90,55383.482,-0.10,0.06,0,-0.020622326,0
04/25/2021,48963.60,55371.25,-0.12,0.06,0,-0.022466055,0
04/26/2021,54020.50,55489.45,-0.03,0.06,0,0.103278762,0
04/27/2021,55036.50,55634.298,-0.01,0.06,0,0.018807675,0
04/28/2021,54841.40,55779.377,-0.02,0.06,0,-0.00354492,0
04/29/2021,53560.80,55919.323,-0.04,0.06,0,-0.023350972,0
04/30/2021,57720.30,56054.737,0.03,0.06,0,0.077659408,0
1/5/2021,57807.10,56211.118,0.03,0.06,0,0.001503804,0
2/5/2021,56603.80,56314.597,0.01,0.06,0,-0.020815782,0
3/5/2021,57169.80,56460.293,0.01,0.06,0,0.009999329,0
4/5/2021,53741.50,56542.777,-0.05,0.06,0,-0.059966976,0
5/5/2021,57441.30,56685.872,0.01,0.06,0,0.068844375,0
6/5/2021,56405.40,56776.257,-0.01,0.06,0,-0.018034063,0
7/5/2021,57337.20,56860.027,0.01,0.06,0,0.016519695,0
8/5/2021,58840.10,56926.045,0.03,0.06,0,0.026211604,0
9/5/2021,58238.30,56965.818,0.02,0.06,0,-0.010227719,0
10/5/2021,55848.90,56933.308,-0.02,0.06,0,-0.041027983,0
11/5/2021,56695.70,56923.818,0.00,0.06,0,0.01516234,0
12/5/2021,49384.20,56726.967,-0.13,0.06,0,-0.128960397,0
05/13/2021,49704.60,56570.148,-0.12,0.06,0,0.006487905,0
05/14/2021,49839.80,56470.957,-0.12,0.06,0,0.00272007,0
05/15/2021,46708.80,56301.275,-0.17,0.06,0,-0.062821279,0
05/16/2021,46426.40,56093.157,-0.17,0.06,0,-0.00604597,0
05/17/2021,43541.30,55857.912,-0.22,0.06,0,-0.062143522,0
05/18/2021,42897.30,55604.733,-0.23,0.06,0,-0.014790555,0
05/19/2021,36720.50,55248.518,-0.34,0.06,0,-0.143990414,0
05/20/2021,40717.20,54970.742,-0.26,0.06,0,0.108841111,0
05/21/2021,37297.40,54689.727,-0.32,0.06,0,-0.083989076,0
05/22/2021,37448.30,54406.323,-0.31,0.06,0,0.004045858,0
05/23/2021,34679.70,54112.228,-0.36,0.06,0,-0.07393126,0
05/24/2021,38750.60,53902.7,-0.28,0.06,0,0.117385675,0
05/25/2021,38378.30,53625.07,-0.28,0.06,0,-0.009607593,0
05/26/2021,39249.20,53348.175,-0.26,0.06,0,0.022692511,0
05/27/2021,38417.30,53059.043,-0.28,0.06,0,-0.021195336,0
05/28/2021,35662.50,52693.148,-0.32,0.06,0,-0.071707278,0
05/29/2021,34584.60,52290.037,-0.34,0.06,0,-0.030225026,0
05/30/2021,35652.80,51904.855,-0.31,0.06,0,0.03088658,0
05/31/2021,37298.60,51547.86,-0.28,0.06,0,0.046161872,0
1/6/2021,36687.60,51176.365,-0.28,0.06,0,-0.016381312,0
2/6/2021,37555.80,50851.297,-0.26,0.06,0,0.023664671,0
3/6/2021,39187.30,50534.42,-0.22,0.06,0,0.043442025,0
4/6/2021,36851.30,50165.385,-0.27,0.06,0,-0.05961115,0
5/6/2021,35520.00,49790.78,-0.29,0.06,0,-0.03612627,0
6/6/2021,35815.40,49455.225,-0.28,0.06,0,0.008316441,0
7/6/2021,33578.00,49046.902,-0.32,0.06,0,-0.062470334,0
8/6/2021,33382.90,48634.638,-0.31,0.06,0,-0.005810352,0
9/6/2021,37332.20,48261.035,-0.23,0.06,0,0.118303083,0
10/6/2021,36649.40,47872.213,-0.23,0.06,0,-0.018289841,0
11/6/2021,37314.60,47496.393,-0.21,0.06,0,0.018150365,0
12/6/2021,35467.50,47028.503,-0.25,0.06,0,-0.049500732,0
06/13/2021,39022.90,46629.212,-0.16,0.06,0,0.100243885,0
06/14/2021,40529.40,46251.102,-0.12,0.06,0,0.038605537,0
06/15/2021,40156.10,45897.375,-0.13,0.06,0,-0.009210598,0
06/16/2021,38336.00,45535.61,-0.16,0.06,0,-0.045325617,0
06/17/2021,38052.00,45233.025,-0.16,0.06,0,-0.00740818,0
06/18/2021,35749.40,44901.413,-0.20,0.06,0,-0.060511931,0
06/19/2021,35513.40,44551.917,-0.20,0.06,0,-0.006601509,0
06/20/2021,35595.80,44248.177,-0.20,0.06,0,0.002320251,0
06/21/2021,31692.00,43914.218,-0.28,0.06,0,-0.109670242,0
06/22/2021,32496.40,43603.432,-0.25,0.06,0,0.0253818,0
06/23/2021,33674.30,43329.855,-0.22,0.06,0,0.036247092,0
06/24/2021,34665.80,43091.558,-0.20,0.06,0,0.029443819,0
06/25/2021,31594.00,42717.783,-0.26,0.06,0,-0.088611831,0
06/26/2021,32243.40,42337.898,-0.24,0.06,0,0.020554536,0
06/27/2021,34678.50,42001.85,-0.17,0.06,0,0.075522432,0
06/28/2021,34475.90,41683.768,-0.17,0.06,0,-0.005842237,0
06/29/2021,35834.70,41319.008,-0.13,0.06,0,0.039413039,0
06/30/2021,35026.90,40939.338,-0.14,0.06,0,-0.022542396,0
1/7/2021,33543.60,40555.002,-0.17,0.06,0,-0.042347453,0
2/7/2021,33813.40,40165.728,-0.16,0.06,0,0.008043263,0
3/7/2021,34742.80,39849.083,-0.13,0.06,0,0.027486145,0
4/7/2021,35298.20,39480.032,-0.11,0.06,0,0.015986046,0
5/7/2021,33687.80,39101.405,-0.14,0.06,0,-0.045622723,0
6/7/2021,34225.60,38716.212,-0.12,0.06,0,0.015964236,0
7/7/2021,33867.80,38300.007,-0.12,0.06,0,-0.010454163,0
8/7/2021,32866.30,37877.14,-0.13,0.06,0,-0.029570861,0
9/7/2021,33797.40,37509.615,-0.10,0.06,0,0.028329931,0
10/7/2021,33510.60,37123.197,-0.10,0.06,0,-0.00848586,0
11/7/2021,34227.70,36870.588,-0.07,0.06,0,0.021399199,0
12/7/2021,33113.00,36594.062,-0.10,0.06,0,-0.03256719,0
07/13/2021,32728.10,36308.867,-0.10,0.06,0,-0.011623834,0
07/14/2021,32820.70,36077.398,-0.09,0.06,0,0.002829373,0
07/15/2021,31840.50,35834.3,-0.11,0.06,0,-0.029865298,0
07/16/2021,31394.00,35631.845,-0.12,0.06,0,-0.014023021,0
07/17/2021,31518.60,35442.2,-0.11,0.06,0,0.003968911,0
07/18/2021,31785.40,35359.948,-0.10,0.06,0,0.008464843,0
07/19/2021,30837.20,35195.282,-0.12,0.06,0,-0.029831306,0
07/20/2021,29793.80,35070.222,-0.15,0.06,0,-0.033835757,0
07/21/2021,32131.40,34981.607,-0.08,0.06,0,0.078459277,0
07/22/2021,32298.90,34941.927,-0.08,0.06,0,0.005212969,0
07/23/2021,33603.30,34856.138,-0.04,0.06,0,0.040385276,0
07/24/2021,33824.80,34780.247,-0.03,0.06,0,0.006591615,0
07/25/2021,35391.10,34715.945,0.02,0.06,0,0.04630626,0
07/26/2021,37276.60,34696.933,0.07,0.06,1,0.053276106,0
07/27/2021,39452.00,34760.092,0.13,0.06,1,0.058358327,0.058358
07/28/2021,40003.20,34850.402,0.15,0.06,1,0.013971408,0.013971
07/29/2021,40001.40,34922.878,0.15,0.06,1,-4.49964E-05,-4.5E-05
07/30/2021,42203.40,35004.625,0.21,0.06,1,0.055048073,0.055048
07/31/2021,41553.70,35085.727,0.18,0.06,1,-0.015394494,-0.01539
1/8/2021,39878.30,35124.435,0.14,0.06,1,-0.040318913,-0.04032
2/8/2021,39168.40,35124.12,0.12,0.06,1,-0.017801662,-0.0178
3/8/2021,38130.30,35145.437,0.08,0.06,1,-0.026503508,-0.0265
4/8/2021,39736.90,35215.718,0.13,0.06,1,0.04213447,0.042134
5/8/2021,40867.20,35299.915,0.16,0.06,1,0.028444594,0.028445
6/8/2021,42795.40,35453.538,0.21,0.06,1,0.047182092,0.047182
7/8/2021,44614.20,35640.727,0.25,0.06,1,0.042499895,0.0425
8/8/2021,43792.80,35748.403,0.23,0.06,1,-0.018411179,-0.01841
9/8/2021,46284.30,35908.985,0.29,0.06,1,0.056892914,0.056893
10/8/2021,45593.80,36046.972,0.26,0.06,1,-0.014918666,-0.01492
11/8/2021,45564.30,36215.252,0.26,0.06,1,-0.000647018,-0.00065
12/8/2021,44403.40,36304.927,0.22,0.06,1,-0.02547828,-0.02548
08/13/2021,47809.10,36426.255,0.31,0.06,1,0.076699082,0.076699
08/14/2021,47081.50,36541.678,0.29,0.06,1,-0.01521886,-0.01522
08/15/2021,46991.30,36685.933,0.28,0.06,1,-0.001915827,-0.00192
08/16/2021,45996.30,36818.338,0.25,0.06,1,-0.021174132,-0.02117
08/17/2021,44691.60,36967.375,0.21,0.06,1,-0.028365325,-0.02837
08/18/2021,44723.80,37120.882,0.20,0.06,1,0.000720493,0.00072
08/19/2021,46755.90,37306.883,0.25,0.06,1,0.045436658,0.045437
08/20/2021,49324.00,37600.75,0.31,0.06,1,0.054925689,0.054926
08/21/2021,48875.80,37873.74,0.29,0.06,1,-0.009086854,-0.00909
08/22/2021,49254.50,38133.41,0.29,0.06,1,0.007748211,0.007748
08/23/2021,49539.70,38381.308,0.29,0.06,1,0.005790334,0.00579
08/24/2021,47714.70,38649.987,0.23,0.06,1,-0.036839141,-0.03684
08/25/2021,48994.50,38929.172,0.26,0.06,1,0.026821923,0.026822
08/26/2021,46831.60,39131.723,0.20,0.06,1,-0.044145771,-0.04415
08/27/2021,49064.30,39374.863,0.25,0.06,1,0.047675074,0.047675
08/28/2021,48897.10,39592.57,0.24,0.06,1,-0.003407773,-0.00341
08/29/2021,48777.40,39821.745,0.22,0.06,1,-0.002447998,-0.00245
08/30/2021,46992.70,40045.897,0.17,0.06,1,-0.036588666,-0.03659
08/31/2021,47130.40,40267.847,0.17,0.06,1,0.002930242,0.00293
1/9/2021,48819.40,40502.457,0.21,0.06,1,0.035836742,0.035837
2/9/2021,49274.30,40735.392,0.21,0.06,1,0.009318017,0.009318
3/9/2021,49999.00,41007.245,0.22,0.06,1,0.014707464,0.014707
4/9/2021,49918.40,41268.792,0.21,0.06,1,-0.001612032,-0.00161
5/9/2021,51768.60,41567.138,0.25,0.06,1,0.037064489,0.037064
6/9/2021,52672.10,41897.235,0.26,0.06,1,0.017452664,0.017453
7/9/2021,46779.60,42113.605,0.11,0.06,1,-0.11187137,-0.11187
8/9/2021,46061.40,42322.785,0.09,0.06,1,-0.015352846,-0.01535
9/9/2021,46385.60,42525.417,0.09,0.06,1,0.007038431,0.007038
10/9/2021,44842.80,42720.913,0.05,0.06,0,-0.033260322,-0.03326
11/9/2021,45161.90,42928.143,0.05,0.06,0,0.00711597,0
12/9/2021,46062.30,43148.837,0.07,0.06,1,0.019937159,0
09/13/2021,44949.50,43367.32,0.04,0.06,0,-0.024158585,-0.02416
09/14/2021,47077.50,43628.712,0.08,0.06,1,0.047342017,0
09/15/2021,48130.60,43905.578,0.10,0.06,1,0.022369497,0.022369
09/16/2021,47748.00,44171.622,0.08,0.06,1,-0.007949205,-0.00795
09/17/2021,47282.80,44445.715,0.06,0.06,1,-0.009742816,-0.00974
09/18/2021,48306.70,44754.263,0.08,0.06,1,0.021654809,0.021655
09/19/2021,47238.70,45006.052,0.05,0.06,0,-0.022108734,-0.02211
09/20/2021,42870.60,45182.247,-0.05,0.06,0,-0.092468675,0
09/21/2021,40651.30,45299.713,-0.10,0.06,0,-0.051767412,0
09/22/2021,43551.60,45461.827,-0.04,0.06,0,0.071345812,0
09/23/2021,44869.20,45619.795,-0.02,0.06,0,0.030253768,0
09/24/2021,42819.90,45712.183,-0.06,0.06,0,-0.045672755,0
09/25/2021,42686.80,45766.097,-0.07,0.06,0,-0.003108368,0
09/26/2021,43203.40,45819.433,-0.06,0.06,0,0.012102102,0
09/27/2021,42172.60,45855.62,-0.08,0.06,0,-0.023859233,0
09/28/2021,41022.30,45835.935,-0.11,0.06,0,-0.027276004,0
09/29/2021,41536.80,45835.653,-0.09,0.06,0,0.012541959,0
09/30/2021,43823.30,45901.403,-0.05,0.06,0,0.055047572,0
1/10/2021,48146.00,46051.03,0.05,0.06,0,0.098639308,0
2/10/2021,47666.90,46209.973,0.03,0.06,0,-0.009950982,0
3/10/2021,48200.10,46351.027,0.04,0.06,0,0.011185959,0
4/10/2021,49227.30,46490.362,0.06,0.06,0,0.021311159,0
5/10/2021,51469.30,46634.927,0.10,0.06,1,0.045543834,0
6/10/2021,55323.20,46813.41,0.18,0.06,1,0.074877646,0.074878
7/10/2021,53783.90,46979.928,0.14,0.06,1,-0.02782377,-0.02782
8/10/2021,53914.70,47107.102,0.14,0.06,1,0.002431955,0.002432
9/10/2021,54942.50,47262.913,0.16,0.06,1,0.019063447,0.019063
10/10/2021,54687.70,47414.97,0.15,0.06,1,-0.004637576,-0.00464
11/10/2021,57477.30,47632.868,0.21,0.06,1,0.051009642,0.05101
12/10/2021,56015.90,47769.648,0.17,0.06,1,-0.02542569,-0.02543
10/13/2021,57380.10,47941.292,0.20,0.06,1,0.0243538,0.024354
10/14/2021,57345.80,48113.867,0.19,0.06,1,-0.000597768,-0.0006
10/15/2021,61672.50,48375.137,0.27,0.06,1,0.075449292,0.075449
10/16/2021,60861.10,48644.628,0.25,0.06,1,-0.013156593,-0.01316
10/17/2021,61527.50,48924.69,0.26,0.06,1,0.010949523,0.01095
10/18/2021,62056.30,49179.697,0.26,0.06,1,0.008594531,0.008595
10/19/2021,64278.50,49428.938,0.30,0.06,1,0.035809418,0.035809
10/20/2021,65979.10,49713.993,0.33,0.06,1,0.026456747,0.026457
10/21/2021,62210.20,49929.922,0.25,0.06,1,-0.057122634,-0.05712
10/22/2021,60690.30,50115.765,0.21,0.06,1,-0.024431685,-0.02443
10/23/2021,61312.50,50342.395,0.22,0.06,1,0.01025205,0.010252
10/24/2021,60866.50,50540.262,0.20,0.06,1,-0.00727421,-0.00727
10/25/2021,63067.00,50810.852,0.24,0.06,1,0.036152892,0.036153
10/26/2021,60310.80,50998.293,0.18,0.06,1,-0.043702729,-0.0437
10/27/2021,58438.10,51157.31,0.14,0.06,1,-0.031050823,-0.03105
10/28/2021,60582.50,51354.062,0.18,0.06,1,0.036695238,0.036695
10/29/2021,62242.80,51608.23,0.21,0.06,1,0.027405604,0.027406
10/30/2021,61840.10,51853.392,0.19,0.06,1,-0.006469825,-0.00647
10/31/2021,61309.60,52061.562,0.18,0.06,1,-0.008578576,-0.00858
1/11/2021,60915.30,52255.578,0.17,0.06,1,-0.006431293,-0.00643
2/11/2021,63221.70,52475.957,0.20,0.06,1,0.037862409,0.037862
3/11/2021,62918.50,52692.625,0.19,0.06,1,-0.004795822,-0.0048
4/11/2021,61412.60,52853.358,0.16,0.06,1,-0.023934137,-0.02393
5/11/2021,60974.30,52991.728,0.15,0.06,1,-0.007136972,-0.00714
6/11/2021,61483.90,53236.8,0.15,0.06,1,0.00835762,0.008358
7/11/2021,63273.20,53523.663,0.18,0.06,1,0.029101927,0.029102
8/11/2021,67527.90,53876.035,0.25,0.06,1,0.067243319,0.067243
9/11/2021,66904.40,54243.728,0.23,0.06,1,-0.009233221,-0.00923
10/11/2021,64932.60,54573.24,0.19,0.06,1,-0.029471903,-0.02947
11/11/2021,64806.70,54885.647,0.18,0.06,1,-0.001938934,-0.00194
12/11/2021,64134.50,55205.397,0.16,0.06,1,-0.010372384,-0.01037
11/13/2021,64398.60,55494.082,0.16,0.06,1,0.004117908,0.004118
11/14/2021,65508.20,55783.708,0.17,0.06,1,0.017230188,0.01723
11/15/2021,63597.90,56047.873,0.13,0.06,1,-0.029161235,-0.02916
11/16/2021,60089.10,56261.312,0.07,0.06,1,-0.055171633,-0.05517
11/17/2021,60367.80,56462.33,0.07,0.06,1,0.004638112,0.004638
11/18/2021,56955.30,56624.273,0.01,0.06,0,-0.05652848,-0.05653
11/19/2021,58083.40,56877.82,0.02,0.06,0,0.019806761,0
11/20/2021,59717.60,57195.592,0.04,0.06,0,0.028135405,0
11/21/2021,58714.30,57448.303,0.02,0.06,0,-0.016800742,0
11/22/2021,56308.80,57638.963,-0.02,0.06,0,-0.040969576,0
11/23/2021,57573.20,57884.852,-0.01,0.06,0,0.02245475,0
11/24/2021,57171.70,58126.267,-0.02,0.06,0,-0.006973731,0
11/25/2021,58935.10,58388.462,0.01,0.06,0,0.030843932,0
11/26/2021,53730.90,58581.1,-0.08,0.06,0,-0.088303914,0
11/27/2021,54765.90,58810.16,-0.07,0.06,0,0.019262659,0
11/28/2021,57291.50,59072.738,-0.03,0.06,0,0.046116288,0
11/29/2021,57794.80,59305.597,-0.03,0.06,0,0.008784898,0
11/30/2021,56882.90,59451.212,-0.04,0.06,0,-0.015778236,0
1/12/2021,57210.30,59610.268,-0.04,0.06,0,0.005755684,0
2/12/2021,56496.00,59748.533,-0.05,0.06,0,-0.012485514,0
3/12/2021,53631.50,59821.937,-0.10,0.06,0,-0.050702705,0
4/12/2021,49195.20,59784.035,-0.18,0.06,0,-0.082718179,0
5/12/2021,49405.50,59685.407,-0.17,0.06,0,0.004274807,0
6/12/2021,50562.10,59631.71,-0.15,0.06,0,0.023410349,0
7/12/2021,50595.20,59576.385,-0.15,0.06,0,0.000654641,0
8/12/2021,50473.90,59501.908,-0.15,0.06,0,-0.002397461,0
9/12/2021,47596.60,59383.723,-0.20,0.06,0,-0.0570057,0
10/12/2021,47137.20,59211.388,-0.20,0.06,0,-0.00965195,0
11/12/2021,49314.50,59099.698,-0.17,0.06,0,0.046190694,0
12/12/2021,50081.00,58978.047,-0.15,0.06,0,0.015543096,0
12/13/2021,46703.60,58800.677,-0.21,0.06,0,-0.067438749,0
12/14/2021,48366.50,58578.91,-0.17,0.06,0,0.035605392,0
12/15/2021,48871.50,58379.083,-0.16,0.06,0,0.010441111,0
12/16/2021,47628.20,58147.428,-0.18,0.06,0,-0.025440185,0
12/17/2021,46172.20,57882.693,-0.20,0.06,0,-0.030570124,0
12/18/2021,46856.20,57592.322,-0.19,0.06,0,0.014814109,0
12/19/2021,46704.50,57271.078,-0.18,0.06,0,-0.003237565,0
12/20/2021,46895.20,57015.828,-0.18,0.06,0,0.004083118,0
12/21/2021,48902.00,56819.357,-0.14,0.06,0,0.042793292,0
12/22/2021,48599.70,56607.477,-0.14,0.06,0,-0.006181751,0
12/23/2021,50801.00,56439.718,-0.10,0.06,0,0.045294518,0
12/24/2021,50786.10,56235.037,-0.10,0.06,0,-0.000293301,0
12/25/2021,50406.40,56069.963,-0.10,0.06,0,-0.007476455,0
12/26/2021,50779.90,55942.327,-0.09,0.06,0,0.007409773,0
12/27/2021,50678.20,55777.255,-0.09,0.06,0,-0.002002761,0
12/28/2021,47545.20,55532.295,-0.14,0.06,0,-0.061821454,0
12/29/2021,46461.70,55275.988,-0.16,0.06,0,-0.022788841,0
12/30/2021,47123.30,55039.55,-0.14,0.06,0,0.014239686,0
12/31/2021,46219.50,54794.62,-0.16,0.06,0,-0.019179472,0
1/1/2022,47738.00,54536.558,-0.12,0.06,0,0.032854098,0
2/1/2022,47311.80,54276.447,-0.13,0.06,0,-0.008927898,0
3/1/2022,46430.20,54026.74,-0.14,0.06,0,-0.018633829,0
4/1/2022,45837.30,53774.457,-0.15,0.06,0,-0.012769706,0
5/1/2022,43425.90,53473.49,-0.19,0.06,0,-0.052607811,0
6/1/2022,43097.50,53137.228,-0.19,0.06,0,-0.007562307,0
7/1/2022,41546.70,52704.208,-0.21,0.06,0,-0.035983526,0
8/1/2022,41672.00,52283.668,-0.20,0.06,0,0.003015883,0
9/1/2022,41848.30,51898.93,-0.19,0.06,0,0.004230658,0
10/1/2022,41832.20,51516.022,-0.19,0.06,0,-0.000384723,0
11/1/2022,42733.20,51159.333,-0.16,0.06,0,0.021538432,0
12/1/2022,43901.00,50817.707,-0.14,0.06,0,0.027327698,0
01/13/2022,42560.00,50435.237,-0.16,0.06,0,-0.030546001,0
01/14/2022,43073.30,50093.16,-0.14,0.06,0,0.01206062,0
01/15/2022,43097.00,49809.958,-0.13,0.06,0,0.000550225,0
01/16/2022,43079.10,49521.813,-0.13,0.06,0,-0.000415342,0
01/17/2022,42209.30,49276.047,-0.14,0.06,0,-0.020190765,0
01/18/2022,42364.60,49014.067,-0.14,0.06,0,0.003679284,0
01/19/2022,41677.80,48713.403,-0.14,0.06,0,-0.016211648,0
01/20/2022,40715.90,48413.43,-0.16,0.06,0,-0.023079433,0
01/21/2022,36475.50,48082.875,-0.24,0.06,0,-0.104146046,0
01/22/2022,35075.20,47707.908,-0.26,0.06,0,-0.038390152,0
01/23/2022,36269.50,47359.538,-0.23,0.06,0,0.034049699,0
01/24/2022,36686.30,46988.725,-0.22,0.06,0,0.011491749,0
01/25/2022,36950.60,46709.053,-0.21,0.06,0,0.007204324,0
01/26/2022,36800.40,46409.628,-0.21,0.06,0,-0.004064887,0
01/27/2022,37164.30,46074.175,-0.19,0.06,0,0.009888479,0
01/28/2022,37745.10,45740.013,-0.17,0.06,0,0.015627901,0
01/29/2022,38170.80,45428.145,-0.16,0.06,0,0.011278285,0
01/30/2022,37917.70,45106.602,-0.16,0.06,0,-0.006630723,0
01/31/2022,38498.60,44806.645,-0.14,0.06,0,0.015320022,0
1/2/2022,38709.70,44557.948,-0.13,0.06,0,0.005483316,0
2/2/2022,36890.20,44352.865,-0.17,0.06,0,-0.047003723,0
3/2/2022,37287.80,44150.903,-0.16,0.06,0,0.01077793,0
4/2/2022,41567.60,44000.995,-0.06,0.06,0,0.114777488,0
5/2/2022,41412.10,43847.943,-0.06,0.06,0,-0.003740894,0
6/2/2022,42392.20,43713.248,-0.03,0.06,0,0.023666996,0
7/2/2022,43833.90,43650.537,0.00,0.06,0,0.034008615,0
8/2/2022,44038.20,43598.887,0.01,0.06,0,0.004660776,0
9/2/2022,44388.90,43516.793,0.02,0.06,0,0.007963541,0
10/2/2022,43521.00,43407.46,0.00,0.06,0,-0.019552185,0
11/2/2022,42388.40,43335.54,-0.02,0.06,0,-0.026024218,0
12/2/2022,42205.20,43232.852,-0.02,0.06,0,-0.004321937,0
02/13/2022,42061.10,43119.345,-0.02,0.06,0,-0.003414271,0
02/14/2022,42550.30,43034.713,-0.01,0.06,0,0.011630699,0
02/15/2022,44544.40,43007.583,0.04,0.06,0,0.046864534,0
02/16/2022,43883.60,42958.04,0.02,0.06,0,-0.014834637,0
02/17/2022,40552.80,42855.512,-0.05,0.06,0,-0.075900792,0
02/18/2022,40000.10,42740.593,-0.06,0.06,0,-0.013629145,0
02/19/2022,40090.30,42593.732,-0.06,0.06,0,0.002254994,0
02/20/2022,38355.00,42422.987,-0.10,0.06,0,-0.043284785,0
02/21/2022,37017.70,42193.265,-0.12,0.06,0,-0.03486638,0
02/22/2022,38248.20,41984.3,-0.09,0.06,0,0.033240855,0
02/23/2022,37224.60,41764.603,-0.11,0.06,0,-0.026762044,0
02/24/2022,38339.20,41557.258,-0.08,0.06,0,0.029942565,0
02/25/2022,39209.60,41366.115,-0.05,0.06,0,0.022702612,0
02/26/2022,39115.50,41225.62,-0.05,0.06,0,-0.002399922,0
02/27/2022,37689.10,41079.41,-0.08,0.06,0,-0.036466362,0
02/28/2022,43188.20,41013.825,0.05,0.06,0,0.145906907,0
1/3/2022,44420.30,40983.838,0.08,0.06,1,0.028528626,0
2/3/2022,43912.80,40920.085,0.07,0.06,1,-0.011424957,-0.01142
3/3/2022,42463.00,40839.272,0.04,0.06,0,-0.033015431,-0.03302
4/3/2022,39142.70,40717.813,-0.04,0.06,0,-0.07819278,0
5/3/2022,39395.80,40610.455,-0.03,0.06,0,0.006466084,0
6/3/2022,38403.10,40526.742,-0.05,0.06,0,-0.025198118,0
7/3/2022,38024.80,40442.197,-0.06,0.06,0,-0.009850767,0
8/3/2022,38744.80,40395.498,-0.04,0.06,0,0.018935011,0
9/3/2022,41929.00,40399.782,0.04,0.06,0,0.082183932,0
10/3/2022,39416.30,40359.248,-0.02,0.06,0,-0.059927496,0
11/3/2022,38730.20,40307.548,-0.04,0.06,0,-0.017406504,0
12/3/2022,38814.30,40242.233,-0.04,0.06,0,0.002171432,0
03/13/2022,37792.40,40140.423,-0.06,0.06,0,-0.026327926,0
03/14/2022,39671.10,40092.275,-0.01,0.06,0,0.049711053,0
03/15/2022,39285.70,40029.148,-0.02,0.06,0,-0.009714881,0
03/16/2022,41118.70,39996.177,0.03,0.06,0,0.046658199,0
03/17/2022,40914.80,39960.105,0.02,0.06,0,-0.004958814,0
03/18/2022,41767.80,39952.747,0.05,0.06,0,0.020848202,0
03/19/2022,42233.00,39950.553,0.06,0.06,0,0.011137766,0
03/20/2022,41276.00,39943.857,0.03,0.06,0,-0.022660005,0
03/21/2022,41022.00,39948.958,0.03,0.06,0,-0.006153697,0
03/22/2022,42373.00,40047.25,0.06,0.06,0,0.032933548,0
03/23/2022,42912.00,40177.863,0.07,0.06,1,0.012720364,0
03/24/2022,44013.00,40306.922,0.09,0.06,1,0.025657159,0.025657
03/25/2022,44331.00,40434.333,0.10,0.06,1,0.007225138,0.007225
03/26/2022,44548.00,40560.957,0.10,0.06,1,0.004894994,0.004895
03/27/2022,46859.00,40728.6,0.15,0.06,1,0.051876627,0.051877
03/28/2022,47105.00,40894.278,0.15,0.06,1,0.005249792,0.00525
03/29/2022,47449.00,41056.01,0.16,0.06,1,0.007302834,0.007303
03/30/2022,47075.00,41204.413,0.14,0.06,1,-0.007882147,-0.00788
03/31/2022,45525.00,41331.202,0.10,0.06,1,-0.032926182,-0.03293
1/4/2022,46297.00,41461.175,0.12,0.06,1,0.016957716,0.016958
2/4/2022,45811.00,41579.53,0.10,0.06,1,-0.01049744,-0.0105
3/4/2022,46407.00,41738.143,0.11,0.06,1,0.013009976,0.01301
4/4/2022,46629.00,41893.83,0.11,0.06,1,0.004783761,0.004784
5/4/2022,45506.00,41959.47,0.08,0.06,1,-0.024083725,-0.02408
6/4/2022,43173.00,41988.818,0.03,0.06,0,-0.051267965,-0.05127
7/4/2022,43448.00,42006.415,0.03,0.06,0,0.006369722,0
8/4/2022,42275.00,41980.433,0.01,0.06,0,-0.02699779,0
9/4/2022,42767.00,41959.247,0.02,0.06,0,0.011638084,0
10/4/2022,42138.00,41921.732,0.01,0.06,0,-0.014707602,0
11/4/2022,39497.00,41854.665,-0.06,0.06,0,-0.06267502,0
12/4/2022,40078.00,41816.158,-0.04,0.06,0,0.014709978,0
04/13/2022,41133.00,41798.288,-0.02,0.06,0,0.026323669,0
04/14/2022,39936.00,41762.87,-0.04,0.06,0,-0.029100722,0
04/15/2022,40560.00,41729.698,-0.03,0.06,0,0.015625,0
04/16/2022,40382.00,41660.325,-0.03,0.06,0,-0.00438856,0
04/17/2022,39703.00,41590.648,-0.05,0.06,0,-0.016814422,0
04/18/2022,40803.00,41594.818,-0.02,0.06,0,0.027705715,0
04/19/2022,41503.00,41619.867,0.00,0.06,0,0.017155601,0
04/20/2022,41368.00,41641.162,-0.01,0.06,0,-0.003252777,0
04/21/2022,40482.00,41676.612,-0.03,0.06,0,-0.021417521,0
04/22/2022,39709.00,41721.467,-0.05,0.06,0,-0.019094906,0
04/23/2022,39418.00,41740.963,-0.06,0.06,0,-0.007328313,0
04/24/2022,39464.00,41778.287,-0.06,0.06,0,0.00116698,0
04/25/2022,40427.00,41813.083,-0.03,0.06,0,0.024401987,0
04/26/2022,38113.00,41794.807,-0.09,0.06,0,-0.057238974,0
04/27/2022,39243.00,41796.932,-0.06,0.06,0,0.029648676,0
04/28/2022,39748.00,41831.247,-0.05,0.06,0,0.012868537,0
04/29/2022,38581.00,41754.46,-0.08,0.06,0,-0.029359968,0
04/30/2022,37650.00,41641.622,-0.10,0.06,0,-0.024131049,0
1/5/2022,38461.00,41550.758,-0.07,0.06,0,0.021540505,0
2/5/2022,38514.00,41484.942,-0.07,0.06,0,0.001378019,0
3/5/2022,37718.00,41461.197,-0.09,0.06,0,-0.020667809,0
4/5/2022,39688.00,41466.067,-0.04,0.06,0,0.052229705,0
5/5/2022,36544.00,41435.082,-0.12,0.06,0,-0.0792179,0
6/5/2022,36009.00,41401.485,-0.13,0.06,0,-0.014639886,0
7/5/2022,35468.00,41346.872,-0.14,0.06,0,-0.015024022,0
8/5/2022,34060.00,41215.722,-0.17,0.06,0,-0.039697756,0
9/5/2022,30095.00,41060.367,-0.27,0.06,0,-0.116412214,0
10/5/2022,31007.50,40931.655,-0.24,0.06,0,0.030320651,0
11/5/2022,29068.20,40769.22,-0.29,0.06,0,-0.062542933,0
12/5/2022,28976.00,40622.28,-0.29,0.06,0,-0.003171851,0
05/13/2022,29284.40,40449.168,-0.28,0.06,0,0.010643291,0
05/14/2022,30080.40,40295.747,-0.25,0.06,0,0.027181708,0
05/15/2022,31308.70,40132.247,-0.22,0.06,0,0.040833898,0
05/16/2022,29849.00,39947.817,-0.25,0.06,0,-0.046622824,0
05/17/2022,30437.50,39758.978,-0.23,0.06,0,0.019715903,0
05/18/2022,28683.70,39533.157,-0.27,0.06,0,-0.057619713,0
05/19/2022,30305.90,39350.322,-0.23,0.06,0,0.056554768,0
05/20/2022,29178.60,39152.932,-0.25,0.06,0,-0.037197377,0
05/21/2022,29434.60,38937.292,-0.24,0.06,0,0.008773553,0
05/22/2022,30286.60,38726.868,-0.22,0.06,0,0.028945527,0
05/23/2022,29093.30,38478.207,-0.24,0.06,0,-0.039400263,0
05/24/2022,29648.70,38233.502,-0.22,0.06,0,0.019090306,0
05/25/2022,29540.60,37983.378,-0.22,0.06,0,-0.003646028,0
05/26/2022,29203.50,37689.12,-0.23,0.06,0,-0.011411413,0
05/27/2022,28601.20,37380.723,-0.23,0.06,0,-0.02062424,0
05/28/2022,29027.10,37073.692,-0.22,0.06,0,0.014890984,0
05/29/2022,29465.20,36780.195,-0.20,0.06,0,0.015092793,0
05/30/2022,31723.30,36550.167,-0.13,0.06,0,0.076636167,0
05/31/2022,31793.40,36308.44,-0.12,0.06,0,0.002209732,0
1/6/2022,29798.50,36041.565,-0.17,0.06,0,-0.062745727,0
2/6/2022,30455.50,35775.707,-0.15,0.06,0,0.02204809,0
3/6/2022,29700.90,35493.572,-0.16,0.06,0,-0.024777134,0
4/6/2022,29864.30,35232.877,-0.15,0.06,0,0.005501517,0
5/6/2022,29913.00,35011.877,-0.15,0.06,0,0.00163071,0
6/6/2022,31367.60,34810.537,-0.10,0.06,0,0.048627687,0
7/6/2022,31128.80,34624.767,-0.10,0.06,0,-0.007612951,0
8/6/2022,30201.60,34415.343,-0.12,0.06,0,-0.029785922,0
9/6/2022,30097.80,34214.673,-0.12,0.06,0,-0.003436904,0
10/6/2022,29083.30,34041.112,-0.15,0.06,0,-0.033706783,0
11/6/2022,28403.40,33846.535,-0.16,0.06,0,-0.023377677,0
12/6/2022,26606.30,33604.423,-0.21,0.06,0,-0.063270594,0
06/13/2022,22448.00,33312.957,-0.33,0.06,0,-0.156290052,0
06/14/2022,22157.30,33006.245,-0.33,0.06,0,-0.012949929,0
06/15/2022,22577.90,32709.51,-0.31,0.06,0,0.018982457,0
06/16/2022,20386.60,32387.57,-0.37,0.06,0,-0.097055085,0
06/17/2022,20444.60,32048.263,-0.36,0.06,0,0.002845006,0
06/18/2022,18986.50,31672.988,-0.40,0.06,0,-0.071319566,0
06/19/2022,20577.20,31326.475,-0.34,0.06,0,0.083780581,0
06/20/2022,20572.30,30994.647,-0.34,0.06,0,-0.000238128,0
06/21/2022,20720.40,30678.17,-0.32,0.06,0,0.007199001,0
06/22/2022,19965.80,30353.967,-0.34,0.06,0,-0.036418216,0
06/23/2022,21100.70,30047.912,-0.30,0.06,0,0.0568422,0
06/24/2022,21226.90,29727.91,-0.29,0.06,0,0.005980844,0
06/25/2022,21489.90,29450.858,-0.27,0.06,0,0.012389939,0
06/26/2022,21043.50,29147.533,-0.28,0.06,0,-0.020772549,0
06/27/2022,20730.20,28830.57,-0.28,0.06,0,-0.014888208,0
06/28/2022,20278.00,28525.52,-0.29,0.06,0,-0.021813586,0
06/29/2022,20111.30,28233.208,-0.29,0.06,0,-0.008220732,0
06/30/2022,19926.60,27924.302,-0.29,0.06,0,-0.009183892,0
1/7/2022,19262.90,27603.45,-0.30,0.06,0,-0.033307238,0
2/7/2022,19243.20,27295.537,-0.30,0.06,0,-0.001022691,0
3/7/2022,19309.90,26955.902,-0.28,0.06,0,0.003466159,0
4/7/2022,20215.80,26683.765,-0.24,0.06,0,0.046913759,0
5/7/2022,20200.60,26420.292,-0.24,0.06,0,-0.000751887,0
6/7/2022,20561.10,26171.843,-0.21,0.06,0,0.017846005,0
7/7/2022,21637.80,25964.807,-0.17,0.06,0,0.052365875,0
8/7/2022,21611.20,25823.41,-0.16,0.06,0,-0.00122933,0
9/7/2022,21587.50,25666.41,-0.16,0.06,0,-0.001096654,0
10/7/2022,20847.40,25529.397,-0.18,0.06,0,-0.034283729,0
11/7/2022,19963.20,25379.183,-0.21,0.06,0,-0.042412963,0
12/7/2022,19330.90,25213.292,-0.23,0.06,0,-0.031673279,0
07/13/2022,20250.00,25049.452,-0.19,0.06,0,0.047545639,0
07/14/2022,20586.00,24870.74,-0.17,0.06,0,0.016592593,0
07/15/2022,20825.10,24720.342,-0.16,0.06,0,0.01161469,0
07/16/2022,21209.90,24566.548,-0.14,0.06,0,0.018477702,0
07/17/2022,20785.60,24434.913,-0.15,0.06,0,-0.020004809,0
07/18/2022,22525.80,24305.245,-0.07,0.06,0,0.083721423,0
07/19/2022,23410.20,24209.105,-0.03,0.06,0,0.039261647,0
07/20/2022,23215.20,24105.448,-0.04,0.06,0,-0.008329702,0
07/21/2022,23153.00,23986.555,-0.03,0.06,0,-0.002679279,0
07/22/2022,22675.20,23879.587,-0.05,0.06,0,-0.020636635,0
07/23/2022,22460.40,23759.782,-0.05,0.06,0,-0.009472904,0
07/24/2022,22582.10,23643.807,-0.04,0.06,0,0.005418425,0
07/25/2022,21301.90,23512.113,-0.09,0.06,0,-0.056690919,0
07/26/2022,21248.70,23389.572,-0.09,0.06,0,-0.00249743,0
07/27/2022,22958.30,23288.425,-0.01,0.06,0,0.080456687,0
07/28/2022,23850.00,23194.838,0.03,0.06,0,0.038839984,0
07/29/2022,23774.30,23062.355,0.03,0.06,0,-0.003174004,0
07/30/2022,23634.20,22926.368,0.03,0.06,0,-0.005892918,0
07/31/2022,23303.40,22818.117,0.02,0.06,0,-0.013996666,0
1/8/2022,23271.20,22698.378,0.03,0.06,0,-0.001381773,0
2/8/2022,22988.60,22586.507,0.02,0.06,0,-0.012143766,0
3/8/2022,22820.80,22469.115,0.02,0.06,0,-0.00729927,0
4/8/2022,22612.10,22347.433,0.01,0.06,0,-0.009145166,0
5/8/2022,23308.20,22213.11,0.05,0.06,0,0.030784403,0
6/8/2022,22944.20,22076.7,0.04,0.06,0,-0.015616822,0
7/8/2022,23175.30,21959.595,0.06,0.06,0,0.010072262,0
8/8/2022,23816.30,21854.903,0.09,0.06,1,0.027658757,0
9/8/2022,23146.70,21755.96,0.06,0.06,1,-0.028115198,-0.02812
10/8/2022,23962.90,21681.952,0.11,0.06,1,0.035262046,0.035262
11/8/2022,23935.30,21637.435,0.11,0.06,1,-0.00115178,-0.00115
12/8/2022,24398.70,21669.947,0.13,0.06,1,0.019360526,0.019361
08/13/2022,24442.50,21708.033,0.13,0.06,1,0.001795178,0.001795
08/14/2022,24302.80,21736.782,0.12,0.06,1,-0.005715455,-0.00572
08/15/2022,24101.70,21798.7,0.11,0.06,1,-0.008274767,-0.00827
08/16/2022,23856.80,21855.57,0.09,0.06,1,-0.010161109,-0.01016
08/17/2022,23338.00,21928.095,0.06,0.06,1,-0.02174642,-0.02175
08/18/2022,23203.60,21971.868,0.06,0.06,0,-0.005758848,-0.00576
08/19/2022,20831.30,21976.185,-0.05,0.06,0,-0.102238446,0
08/20/2022,21138.90,21983.16,-0.04,0.06,0,0.014766241,0
08/21/2022,21517.20,22009.017,-0.02,0.06,0,0.017895917,0
08/22/2022,21416.30,22014.277,-0.03,0.06,0,-0.004689272,0
08/23/2022,21517.20,22019.115,-0.02,0.06,0,0.004711365,0
08/24/2022,21365.20,22017.037,-0.03,0.06,0,-0.007064116,0
08/25/2022,21565.40,22025.735,-0.02,0.06,0,0.009370378,0
08/26/2022,20249.90,22017.73,-0.08,0.06,0,-0.061000492,0
08/27/2022,20033.90,22013.662,-0.09,0.06,0,-0.010666719,0
08/28/2022,19550.20,22004.31,-0.11,0.06,0,-0.024144076,0
08/29/2022,20295.80,22010.463,-0.08,0.06,0,0.038137717,0
08/30/2022,19792.60,22019.292,-0.10,0.06,0,-0.024793307,0
08/31/2022,20043.90,22032.637,-0.09,0.06,0,0.012696664,0
1/9/2022,20126.10,22046.24,-0.09,0.06,0,0.004100998,0
2/9/2022,19952.70,22041.855,-0.09,0.06,0,-0.008615678,0
3/9/2022,19831.40,22035.702,-0.10,0.06,0,-0.006079378,0
4/9/2022,19999.90,22026.348,-0.09,0.06,0,0.008496627,0
5/9/2022,19793.10,21995.603,-0.10,0.06,0,-0.010340052,0
6/9/2022,18786.40,21948.523,-0.14,0.06,0,-0.050861159,0
7/9/2022,19281.50,21910.09,-0.12,0.06,0,0.026354171,0
8/9/2022,19317.40,21884.59,-0.12,0.06,0,0.001861888,0
9/9/2022,21365.20,21907.957,-0.02,0.06,0,0.106008055,0
10/9/2022,21650.40,21946.615,-0.01,0.06,0,0.01334881,0
11/9/2022,21834.90,21973.03,-0.01,0.06,0,0.008521783,0
12/9/2022,22395.30,22003.185,0.02,0.06,0,0.025665334,0
09/13/2022,20175.50,21992.358,-0.08,0.06,0,-0.099119012,0
09/14/2022,20222.50,21975.902,-0.08,0.06,0,0.002329558,0
09/15/2022,19701.70,21957.837,-0.10,0.06,0,-0.025753492,0
09/16/2022,19802.40,21912.447,-0.10,0.06,0,0.005111234,0
09/17/2022,20113.50,21857.502,-0.08,0.06,0,0.015710217,0
09/18/2022,19418.80,21794.228,-0.11,0.06,0,-0.034538991,0
09/19/2022,19538.90,21733.993,-0.10,0.06,0,0.006184728,0
09/20/2022,18872.40,21670.613,-0.13,0.06,0,-0.034111439,0
09/21/2022,18489.00,21604.423,-0.14,0.06,0,-0.020315381,0
09/22/2022,19404.00,21551.455,-0.10,0.06,0,0.049488885,0
09/23/2022,19293.50,21517.982,-0.10,0.06,0,-0.005694702,0
09/24/2022,18925.20,21479.257,-0.12,0.06,0,-0.019089331,0
09/25/2022,18803.20,21410.005,-0.12,0.06,0,-0.006446431,0
09/26/2022,19225.70,21332.933,-0.10,0.06,0,0.02246958,0
09/27/2022,19081.00,21254.712,-0.10,0.06,0,-0.007526384,0
09/28/2022,19411.00,21184.325,-0.08,0.06,0,0.017294691,0
09/29/2022,19593.00,21122.485,-0.07,0.06,0,0.009376127,0
09/30/2022,19423.00,21058.348,-0.08,0.06,0,-0.008676568,0
1/10/2022,19311.90,20997.07,-0.08,0.06,0,-0.005720023,0
2/10/2022,19052.20,20934.26,-0.09,0.06,0,-0.013447667,0
3/10/2022,19628.30,20884.53,-0.06,0.06,0,0.030237978,0
4/10/2022,20340.20,20835.063,-0.02,0.06,0,0.03626906,0
5/10/2022,20157.50,20788.618,-0.03,0.06,0,-0.008982213,0
6/10/2022,19956.70,20734.975,-0.04,0.06,0,-0.009961553,0
7/10/2022,19531.30,20663.558,-0.05,0.06,0,-0.021316149,0
8/10/2022,19415.00,20601.363,-0.06,0.06,0,-0.005954545,0
9/10/2022,19441.00,20525.998,-0.05,0.06,0,0.001339171,0
10/10/2022,19134.60,20445.987,-0.06,0.06,0,-0.015760506,0
11/10/2022,19059.10,20356.993,-0.06,0.06,0,-0.003945732,0
12/10/2022,19154.80,20268.865,-0.05,0.06,0,0.005021223,0
10/13/2022,19379.80,20186.815,-0.04,0.06,0,0.011746403,0
10/14/2022,19181.80,20104.817,-0.05,0.06,0,-0.010216824,0
10/15/2022,19068.70,20025.015,-0.05,0.06,0,-0.005896214,0
10/16/2022,19261.90,19957.08,-0.03,0.06,0,0.010131787,0
10/17/2022,19548.20,19896.157,-0.02,0.06,0,0.014863539,0
10/18/2022,19328.20,19871.105,-0.03,0.06,0,-0.011254233,0
10/19/2022,19123.90,19837.522,-0.04,0.06,0,-0.010570048,0
10/20/2022,19042.90,19796.283,-0.04,0.06,0,-0.004235538,0
10/21/2022,19162.60,19758.722,-0.03,0.06,0,0.006285807,0
10/22/2022,19204.80,19720.182,-0.03,0.06,0,0.002202206,0
10/23/2022,19571.20,19690.282,-0.01,0.06,0,0.019078564,0
10/24/2022,19331.50,19653.05,-0.02,0.06,0,-0.012247588,0
10/25/2022,20082.70,19650.263,0.02,0.06,0,0.038858857,0
10/26/2022,20769.50,19662.523,0.06,0.06,0,0.034198589,0
10/27/2022,20292.90,19674.902,0.03,0.06,0,-0.02294711,0
10/28/2022,20594.40,19679.878,0.05,0.06,0,0.014857413,0
10/29/2022,20809.80,19696.832,0.06,0.06,0,0.010459154,0
10/30/2022,20626.30,19706.538,0.05,0.06,0,-0.008817961,0
10/31/2022,20496.30,19712.708,0.04,0.06,0,-0.006302633,0
1/11/2022,20483.50,19721.555,0.04,0.06,0,-0.000624503,0
2/11/2022,20154.40,19726.938,0.02,0.06,0,-0.01606659,0
3/11/2022,20206.40,19730.38,0.02,0.06,0,0.002580082,0
4/11/2022,21145.90,19752.927,0.07,0.06,1,0.04649517,0
5/11/2022,21301.60,19794.847,0.08,0.06,1,0.007363129,0.007363
6/11/2022,20916.30,19822.093,0.06,0.06,0,-0.018087843,-0.01809
7/11/2022,20589.00,19843.287,0.04,0.06,0,-0.015648083,0
8/11/2022,18527.40,19795.99,-0.06,0.06,0,-0.100131138,0
9/11/2022,15886.90,19699.932,-0.19,0.06,0,-0.142518648,0
10/11/2022,17589.10,19629.168,-0.10,0.06,0,0.10714488,0
11/11/2022,17049.90,19540.078,-0.13,0.06,0,-0.030655349,0
12/11/2022,16795.20,19483.74,-0.14,0.06,0,-0.014938504,0
11/13/2022,16324.50,19418.773,-0.16,0.06,0,-0.028025865,0
11/14/2022,16613.70,19367.307,-0.14,0.06,0,0.017715703,0
11/15/2022,16895.10,19318.852,-0.13,0.06,0,0.016937828,0
11/16/2022,16540.50,19259.302,-0.14,0.06,0,-0.020988334,0
11/17/2022,16691.20,19213.842,-0.13,0.06,0,0.00911097,0
11/18/2022,16638.30,19165.498,-0.13,0.06,0,-0.003169335,0
11/19/2022,16699.20,19129.278,-0.13,0.06,0,0.00366023,0
11/20/2022,16286.70,19092.573,-0.15,0.06,0,-0.024701782,0
11/21/2022,15776.20,19032.11,-0.17,0.06,0,-0.031344594,0
11/22/2022,16212.90,18980.767,-0.15,0.06,0,0.027680937,0
11/23/2022,16623.90,18942.412,-0.12,0.06,0,0.025350184,0
11/24/2022,16601.20,18905.712,-0.12,0.06,0,-0.001365504,0
11/25/2022,16512.30,18860.488,-0.12,0.06,0,-0.005355035,0
11/26/2022,16456.50,18816.747,-0.13,0.06,0,-0.003379299,0
11/27/2022,16425.60,18766.99,-0.12,0.06,0,-0.001877678,0
11/28/2022,16211.70,18710.635,-0.13,0.06,0,-0.013022355,0
11/29/2022,16440.40,18660.925,-0.12,0.06,0,0.014107095,0
11/30/2022,17163.90,18625.125,-0.08,0.06,0,0.044007445,0
1/12/2022,16972.00,18590.455,-0.09,0.06,0,-0.011180443,0
2/12/2022,17093.60,18548.21,-0.08,0.06,0,0.007164742,0
3/12/2022,16884.50,18490.615,-0.09,0.06,0,-0.012232648,0
4/12/2022,17112.60,18439.867,-0.07,0.06,0,0.013509432,0
5/12/2022,16966.50,18390.03,-0.08,0.06,0,-0.008537569,0
6/12/2022,17089.30,18349.33,-0.07,0.06,0,0.007237792,0
7/12/2022,16835.20,18306.333,-0.08,0.06,0,-0.014868953,0
8/12/2022,17225.70,18269.412,-0.06,0.06,0,0.023195448,0
9/12/2022,17125.70,18235.93,-0.06,0.06,0,-0.005805279,0
10/12/2022,17127.20,18203.732,-0.06,0.06,0,8.75877E-05,0
11/12/2022,17093.30,18169.373,-0.06,0.06,0,-0.001979308,0
12/12/2022,17210.40,18133.217,-0.05,0.06,0,0.006850637,0
12/13/2022,17778.60,18109.83,-0.02,0.06,0,0.033014921,0
12/14/2022,17796.40,18088.625,-0.02,0.06,0,0.001001204,0
12/15/2022,17356.10,18056.862,-0.04,0.06,0,-0.024740959,0
12/16/2022,16629.60,18008.218,-0.08,0.06,0,-0.041858482,0
12/17/2022,16777.10,17965.7,-0.07,0.06,0,0.008869726,0
12/18/2022,16741.10,17925.987,-0.07,0.06,0,-0.002145782,0
12/19/2022,16441.30,17882.627,-0.08,0.06,0,-0.017908023,0
12/20/2022,16902.80,17844.963,-0.05,0.06,0,0.028069557,0
12/21/2022,16831.80,17805.413,-0.05,0.06,0,-0.004200487,0
12/22/2022,16820.60,17759.57,-0.05,0.06,0,-0.000665407,0
12/23/2022,16779.10,17717.03,-0.05,0.06,0,-0.002467213,0
12/24/2022,16837.20,17662.938,-0.05,0.06,0,0.003462641,0
12/25/2022,16831.80,17597.31,-0.04,0.06,0,-0.000320718,0
12/26/2022,16918.10,17541.063,-0.04,0.06,0,0.0051272,0
12/27/2022,16706.10,17476.258,-0.04,0.06,0,-0.012530958,0
12/28/2022,16546.20,17405.198,-0.05,0.06,0,-0.009571354,0
12/29/2022,16636.40,17338.7,-0.04,0.06,0,0.005451403,0
12/30/2022,16607.20,17273.882,-0.04,0.06,0,-0.001755187,0
12/31/2022,16537.40,17208.113,-0.04,0.06,0,-0.004202996,0
1/1/2023,16618.40,17149.18,-0.03,0.06,0,0.004897989,0
2/1/2023,16674.30,17090.312,-0.02,0.06,0,0.003363741,0
3/1/2023,16674.20,17015.783,-0.02,0.06,0,-5.99725E-06,0
4/1/2023,16852.10,16941.625,-0.01,0.06,0,0.010669178,0
5/1/2023,16829.80,16873.517,0.00,0.06,0,-0.001323277,0
6/1/2023,16950.90,16812.882,0.01,0.06,0,0.00719557,0
7/1/2023,16943.60,16786.485,0.01,0.06,0,-0.000430656,0
8/1/2023,17119.00,16807.02,0.02,0.06,0,0.010351991,0
9/1/2023,17180.10,16800.203,0.02,0.06,0,0.003569134,0
10/1/2023,17439.10,16806.69,0.04,0.06,0,0.015075582,0
11/1/2023,17942.30,16825.808,0.07,0.06,1,0.0288547,0
12/1/2023,18851.30,16867.922,0.12,0.06,1,0.050662401,0.050662
01/13/2023,19927.00,16923.143,0.18,0.06,1,0.057062378,0.057062
01/14/2023,20958.20,16990.862,0.23,0.06,1,0.051748883,0.051749
01/15/2023,20879.80,17063.183,0.22,0.06,1,-0.003740779,-0.00374
01/16/2023,21184.20,17138.067,0.24,0.06,1,0.014578684,0.014579
01/17/2023,21137.10,17213.047,0.23,0.06,1,-0.002223355,-0.00222
01/18/2023,20670.60,17279.237,0.20,0.06,1,-0.022070199,-0.02207
01/19/2023,21081.20,17359.145,0.21,0.06,1,0.019863961,0.019864
01/20/2023,22677.20,17474.162,0.30,0.06,1,0.075707265,0.075707
01/21/2023,22775.70,17583.542,0.30,0.06,1,0.00434357,0.004344
01/22/2023,22707.80,17684.94,0.28,0.06,1,-0.002981248,-0.00298
01/23/2023,22915.50,17790.178,0.29,0.06,1,0.009146637,0.009147
01/24/2023,22632.50,17892.182,0.26,0.06,1,-0.01234972,-0.01235
01/25/2023,23055.10,18002.158,0.28,0.06,1,0.018672263,0.018672
01/26/2023,23016.00,18111.998,0.27,0.06,1,-0.001695937,-0.0017
01/27/2023,23074.60,18226.38,0.27,0.06,1,0.002546055,0.002546
01/28/2023,23027.90,18336.172,0.26,0.06,1,-0.00202387,-0.00202
01/29/2023,23753.10,18445.992,0.29,0.06,1,0.031492233,0.031492
01/30/2023,22832.20,18543.662,0.23,0.06,1,-0.038769676,-0.03877
01/31/2023,23125.10,18644.187,0.24,0.06,1,0.012828374,0.012828
1/2/2023,23725.60,18758.205,0.26,0.06,1,0.025967455,0.025967
2/2/2023,23427.60,18863.455,0.24,0.06,1,-0.012560272,-0.01256
3/2/2023,23431.20,18971.2,0.24,0.06,1,0.000153665,0.000154
4/2/2023,23323.80,19075.108,0.22,0.06,1,-0.004583632,-0.00458
5/2/2023,22936.00,19176.788,0.20,0.06,1,-0.016626793,-0.01663
6/2/2023,22761.80,19269.057,0.18,0.06,1,-0.007595047,-0.0076
7/2/2023,23251.70,19371.157,0.20,0.06,1,0.021522902,0.021523
8/2/2023,22964.60,19468.447,0.18,0.06,1,-0.012347484,-0.01235
9/2/2023,21792.50,19546.767,0.11,0.06,1,-0.051039426,-0.05104
10/2/2023,21635.00,19620.51,0.10,0.06,1,-0.007227257,-0.00723
11/2/2023,21859.80,19688.53,0.11,0.06,1,0.010390571,0.010391
12/2/2023,21786.80,19755.037,0.10,0.06,1,-0.003339463,-0.00334
02/13/2023,21772.60,19828.645,0.10,0.06,1,-0.000651771,-0.00065
02/14/2023,22198.50,19921.46,0.11,0.06,1,0.019561283,0.019561
02/15/2023,24327.90,20047.307,0.21,0.06,1,0.0959254,0.095925
02/16/2023,23539.60,20160.615,0.17,0.06,1,-0.032403126,-0.0324
02/17/2023,24573.50,20296.152,0.21,0.06,1,0.043921732,0.043922
02/18/2023,24631.40,20424.962,0.21,0.06,1,0.002356197,0.002356
02/19/2023,24302.90,20549.48,0.18,0.06,1,-0.013336635,-0.01334
02/20/2023,24839.50,20683.128,0.20,0.06,1,0.02207967,0.02208
02/21/2023,24450.70,20810.988,0.17,0.06,1,-0.015652489,-0.01565
02/22/2023,24186.60,20933.478,0.16,0.06,1,-0.010801327,-0.0108
02/23/2023,23936.30,21051.887,0.14,0.06,1,-0.010348705,-0.01035
02/24/2023,23191.50,21156.443,0.10,0.06,1,-0.03111592,-0.03112
02/25/2023,23166.10,21264.11,0.09,0.06,1,-0.001095229,-0.0011
02/26/2023,23558.70,21380.985,0.10,0.06,1,0.016947177,0.016947
02/27/2023,23494.10,21495.28,0.09,0.06,1,-0.002742087,-0.00274
02/28/2023,23130.50,21604.002,0.07,0.06,1,-0.015476226,-0.01548
1/3/2023,23642.20,21722.415,0.09,0.06,1,0.022122306,0.022122
2/3/2023,23465.40,21836.532,0.07,0.06,1,-0.007478153,-0.00748
3/3/2023,22354.40,21931.2,0.02,0.06,0,-0.047346306,-0.04735
4/3/2023,22347.10,22025.748,0.01,0.06,0,-0.000326558,0
5/3/2023,22428.30,22118.685,0.01,0.06,0,0.003633581,0
6/3/2023,22410.00,22211.688,0.01,0.06,0,-0.000815933,0
7/3/2023,22197.80,22299.137,0.00,0.06,0,-0.009468987,0
8/3/2023,21710.80,22378.59,-0.03,0.06,0,-0.021939111,0
9/3/2023,20361.80,22432.637,-0.09,0.06,0,-0.062134974,0
10/3/2023,20156.70,22482.247,-0.10,0.06,0,-0.010072783,0
11/3/2023,20467.50,22532.72,-0.09,0.06,0,0.015419191,0
12/3/2023,21994.80,22600.262,-0.03,0.06,0,0.07462074,0
03/13/2023,24114.40,22687.98,0.06,0.06,1,0.096368232,0
03/14/2023,24699.70,22767.525,0.08,0.06,1,0.024271804,0.024272
03/15/2023,24282.70,22822.933,0.06,0.06,1,-0.016882796,-0.01688
03/16/2023,25004.10,22891.672,0.09,0.06,1,0.029708393,0.029708
03/17/2023,27391.80,22995.132,0.19,0.06,1,0.095492339,0.095492
03/18/2023,26914.50,23091.422,0.17,0.06,1,-0.017424923,-0.01742
03/19/2023,27958.70,23212.89,0.20,0.06,1,0.038796931,0.038797
03/20/2023,27720.50,23323.545,0.19,0.06,1,-0.008519709,-0.00852
03/21/2023,28114.00,23414.158,0.20,0.06,1,0.014195271,0.014195
03/22/2023,27261.70,23488.925,0.16,0.06,1,-0.030315857,-0.03032
03/23/2023,28310.70,23582.307,0.20,0.06,1,0.038478892,0.038479
03/24/2023,27462.20,23658.085,0.16,0.06,1,-0.029971,-0.02997
03/25/2023,27475.60,23738.803,0.16,0.06,1,0.000487943,0.000488
03/26/2023,27973.50,23820.777,0.17,0.06,1,0.018121533,0.018122
03/27/2023,27129.80,23889.34,0.14,0.06,1,-0.030160688,-0.03016
03/28/2023,27262.20,23959.133,0.14,0.06,1,0.004880242,0.00488
03/29/2023,28350.40,24047.842,0.18,0.06,1,0.039916074,0.039916
03/30/2023,28029.50,24119.115,0.16,0.06,1,-0.011319064,-0.01132
03/31/2023,28473.70,24213.14,0.18,0.06,1,0.015847589,0.015848
1/4/2023,28456.10,24301.99,0.17,0.06,1,-0.000618114,-0.00062
2/4/2023,28198.30,24376.535,0.16,0.06,1,-0.009059569,-0.00906
3/4/2023,27802.10,24449.443,0.14,0.06,1,-0.014050492,-0.01405
4/4/2023,28164.40,24528.33,0.15,0.06,1,0.01303139,0.013031
5/4/2023,28173.50,24609.158,0.14,0.06,1,0.000323103,0.000323
6/4/2023,28036.70,24694.17,0.14,0.06,1,-0.004855627,-0.00486
7/4/2023,27910.40,24779.98,0.13,0.06,1,-0.00450481,-0.0045
8/4/2023,27941.20,24858.138,0.12,0.06,1,0.001103531,0.001104
9/4/2023,28326.60,24947.505,0.14,0.06,1,0.013793252,0.013793
10/4/2023,29641.00,25078.313,0.18,0.06,1,0.046401615,0.046402
11/4/2023,30209.60,25221.223,0.20,0.06,1,0.019182889,0.019183
12/4/2023,29886.40,25355,0.18,0.06,1,-0.010698586,-0.0107
04/13/2023,30387.40,25498.343,0.19,0.06,1,0.016763478,0.016763
04/14/2023,30472.50,25643.342,0.19,0.06,1,0.002800503,0.002801
04/15/2023,30299.60,25778.36,0.18,0.06,1,-0.005673968,-0.00567
04/16/2023,30310.30,25878.067,0.17,0.06,1,0.00035314,0.000353
04/17/2023,29434.90,25976.322,0.13,0.06,1,-0.028881271,-0.02888
04/18/2023,30382.20,26073.133,0.17,0.06,1,0.032182885,0.032183
04/19/2023,28813.70,26142.838,0.10,0.06,1,-0.051625623,-0.05163
04/20/2023,28240.50,26208.465,0.08,0.06,1,-0.019893315,-0.01989
04/21/2023,27264.80,26248.887,0.04,0.06,0,-0.034549672,-0.03455
04/22/2023,27813.90,26304.94,0.06,0.06,0,0.020139521,0
04/23/2023,27591.40,26361.687,0.05,0.06,0,-0.007999597,0
04/24/2023,27509.30,26421.237,0.04,0.06,0,-0.002975565,0
04/25/2023,28298.80,26506.358,0.07,0.06,1,0.028699385,0
04/26/2023,28424.60,26594,0.07,0.06,1,0.004445418,0.004445
04/27/2023,29475.90,26692.62,0.10,0.06,1,0.036985569,0.036986
04/28/2023,29321.80,26789.748,0.09,0.06,1,-0.005228,-0.00523
04/29/2023,29234.10,26891.475,0.09,0.06,1,-0.002990949,-0.00299
04/30/2023,29252.10,26984.973,0.08,0.06,1,0.000615719,0.000616
1/5/2023,28077.60,27061.843,0.04,0.06,0,-0.040150964,-0.04015
2/5/2023,28669.10,27167.088,0.06,0.06,0,0.021066615,0
3/5/2023,29023.60,27278.363,0.06,0.06,1,0.012365229,0
4/5/2023,28842.10,27385.26,0.05,0.06,0,-0.006253532,-0.00625
5/5/2023,29513.20,27503.647,0.07,0.06,1,0.02326807,0
6/5/2023,28857.10,27614.635,0.04,0.06,0,-0.022230731,-0.02223
7/5/2023,28424.80,27726.535,0.03,0.06,0,-0.014980715,0
8/5/2023,27670.50,27848.347,-0.01,0.06,0,-0.026536686,0
9/5/2023,27634.90,27972.983,-0.01,0.06,0,-0.001286569,0
10/5/2023,27603.30,28091.913,-0.02,0.06,0,-0.001143482,0
11/5/2023,26983.50,28175.058,-0.04,0.06,0,-0.022453837,0
12/5/2023,26799.20,28219.805,-0.05,0.06,0,-0.0068301,0
05/13/2023,26777.50,28254.435,-0.05,0.06,0,-0.000809726,0
05/14/2023,26920.00,28298.39,-0.05,0.06,0,0.005321632,0
05/15/2023,27183.90,28334.72,-0.04,0.06,0,0.00980312,0
05/16/2023,27035.30,28328.778,-0.05,0.06,0,-0.005466471,0
05/17/2023,27403.10,28336.922,-0.03,0.06,0,0.013604436,0
05/18/2023,26828.00,28318.077,-0.05,0.06,0,-0.020986677,0
05/19/2023,26882.90,28304.117,-0.05,0.06,0,0.002046369,0
05/20/2023,27116.20,28287.487,-0.04,0.06,0,0.008678379,0
05/21/2023,26749.90,28278.957,-0.05,0.06,0,-0.01350853,0
05/22/2023,26847.30,28254.567,-0.05,0.06,0,0.003641135,0
05/23/2023,27220.70,28250.542,-0.04,0.06,0,0.013908289,0
05/24/2023,26328.40,28231.422,-0.07,0.06,0,-0.0327802,0
05/25/2023,26475.80,28206.46,-0.06,0.06,0,0.005598517,0
05/26/2023,26711.50,28199.488,-0.05,0.06,0,0.008902469,0
05/27/2023,26857.50,28192.743,-0.05,0.06,0,0.005465811,0
05/28/2023,28071.20,28188.09,0.00,0.06,0,0.045190357,0
05/29/2023,27739.40,28183.255,-0.02,0.06,0,-0.011819944,0
05/30/2023,27698.20,28170.33,-0.02,0.06,0,-0.001485252,0
05/31/2023,27216.10,28149.663,-0.03,0.06,0,-0.017405463,0
1/6/2023,26819.00,28126.675,-0.05,0.06,0,-0.014590628,0
2/6/2023,27244.70,28117.385,-0.03,0.06,0,0.015873075,0
3/6/2023,27072.00,28099.178,-0.04,0.06,0,-0.006338848,0
4/6/2023,27122.30,28081.658,-0.03,0.06,0,0.001858008,0
5/6/2023,25747.40,28043.503,-0.08,0.06,0,-0.050692604,0
6/6/2023,27230.20,28032.167,-0.03,0.06,0,0.057590281,0
7/6/2023,26342.50,28005.522,-0.06,0.06,0,-0.032599834,0
8/6/2023,26501.10,27975.097,-0.05,0.06,0,0.006020689,0
9/6/2023,26479.30,27922.402,-0.05,0.06,0,-0.000822607,0
10/6/2023,25844.00,27849.642,-0.07,0.06,0,-0.023992326,0
11/6/2023,25928.40,27783.675,-0.07,0.06,0,0.003265748,0
12/6/2023,25906.80,27708.998,-0.07,0.06,0,-0.000833063,0
06/13/2023,25929.40,27633.28,-0.06,0.06,0,0.000872358,0
06/14/2023,25129.50,27547.112,-0.09,0.06,0,-0.030849152,0
06/15/2023,25591.30,27468.462,-0.07,0.06,0,0.018376808,0
06/16/2023,26341.30,27416.902,-0.04,0.06,0,0.029306835,0
06/17/2023,26515.00,27352.448,-0.03,0.06,0,0.006594208,0
06/18/2023,26339.70,27311.215,-0.04,0.06,0,-0.006611352,0
06/19/2023,26845.90,27287.972,-0.02,0.06,0,0.019218138,0
06/20/2023,28307.70,27305.353,0.04,0.06,0,0.054451518,0
06/21/2023,29996.90,27341.737,0.10,0.06,1,0.05967281,0
06/22/2023,29890.50,27380.055,0.09,0.06,1,-0.003547033,-0.00355
06/23/2023,30679.40,27432.89,0.12,0.06,1,0.026393001,0.026393
06/24/2023,30533.60,27470.137,0.11,0.06,1,-0.004752375,-0.00475
06/25/2023,30465.30,27504.148,0.11,0.06,1,-0.00223688,-0.00224
06/26/2023,30267.00,27517.333,0.10,0.06,1,-0.006509045,-0.00651
06/27/2023,30689.10,27540.122,0.11,0.06,1,0.013945882,0.013946
06/28/2023,30078.60,27554.197,0.09,0.06,1,-0.019893056,-0.01989
06/29/2023,30445.70,27574.09,0.10,0.06,1,0.01220469,0.012205
06/30/2023,30472.90,27614.012,0.10,0.06,1,0.000893394,0.000893
1/7/2023,30586.80,27645.973,0.11,0.06,1,0.003737747,0.003738
2/7/2023,30617.70,27672.542,0.11,0.06,1,0.00101024,0.00101
3/7/2023,31151.30,27711.028,0.12,0.06,1,0.017427828,0.017428
4/7/2023,30768.40,27731.948,0.11,0.06,1,-0.012291622,-0.01229
5/7/2023,30512.80,27759.543,0.10,0.06,1,-0.008307224,-0.00831
6/7/2023,29913.10,27784.348,0.08,0.06,1,-0.019654047,-0.01965
7/7/2023,30346.40,27828.947,0.09,0.06,1,0.014485292,0.014485
8/7/2023,30288.80,27873.178,0.09,0.06,1,-0.001898083,-0.0019
9/7/2023,30166.90,27915.905,0.08,0.06,1,-0.00402459,-0.00402
10/7/2023,30415.30,27973.102,0.09,0.06,1,0.00823419,0.008234
11/7/2023,30623.30,28036.837,0.09,0.06,1,0.006838663,0.006839
12/7/2023,30387.30,28097,0.08,0.06,1,-0.00770655,-0.00771
07/13/2023,31466.10,28172.768,0.12,0.06,1,0.035501673,0.035502
07/14/2023,30317.40,28224.993,0.07,0.06,1,-0.036505954,-0.03651
07/15/2023,30291.40,28279.262,0.07,0.06,1,-0.000857593,-0.00086
07/16/2023,30235.50,28326.468,0.07,0.06,1,-0.001845408,-0.00185
07/17/2023,30139.70,28381.663,0.06,0.06,1,-0.003168461,-0.00317
07/18/2023,29866.80,28431.395,0.05,0.06,0,-0.009054503,-0.00905
07/19/2023,29909.70,28477.953,0.05,0.06,0,0.001436378,0
07/20/2023,29801.00,28528.805,0.04,0.06,0,-0.003634272,0
07/21/2023,29903.10,28579.735,0.05,0.06,0,0.00342606,0
07/22/2023,29788.90,28622.538,0.04,0.06,0,-0.003819002,0
07/23/2023,30085.90,28685.163,0.05,0.06,0,0.009970157,0
07/24/2023,29178.10,28730.202,0.02,0.06,0,-0.030173603,0
07/25/2023,29228.60,28772.153,0.02,0.06,0,0.00173075,0
07/26/2023,29352.20,28813.732,0.02,0.06,0,0.004228735,0
07/27/2023,29222.70,28832.923,0.01,0.06,0,-0.004411935,0
07/28/2023,29315.00,28859.183,0.02,0.06,0,0.003158503,0
07/29/2023,29353.50,28886.772,0.02,0.06,0,0.001313321,0
07/30/2023,29281.70,28921.198,0.01,0.06,0,-0.002446046,0
07/31/2023,29232.40,28961.422,0.01,0.06,0,-0.001683645,0
1/8/2023,29712.20,29002.547,0.02,0.06,0,0.016413295,0
2/8/2023,29173.70,29037.575,0.00,0.06,0,-0.018123868,0
3/8/2023,29189.30,29072.025,0.00,0.06,0,0.000534728,0
4/8/2023,29105.50,29127.993,0.00,0.06,0,-0.002870915,0
5/8/2023,29068.10,29158.625,0.00,0.06,0,-0.001284981,0
6/8/2023,29081.30,29204.272,0.00,0.06,0,0.000454106,0
7/8/2023,29204.20,29249.323,0.00,0.06,0,0.004226083,0
8/8/2023,29777.40,29304.292,0.02,0.06,0,0.019627314,0
9/8/2023,29578.00,29366.525,0.01,0.06,0,-0.006696354,0
10/8/2023,29449.00,29425.202,0.00,0.06,0,-0.00436135,0
11/8/2023,29420.80,29483.768,0.00,0.06,0,-0.000957588,0
12/8/2023,29428.20,29542.082,0.00,0.06,0,0.000251523,0
08/13/2023,29300.10,29611.592,-0.01,0.06,0,-0.004352968,0
08/14/2023,29426.70,29675.515,-0.01,0.06,0,0.004320804,0
08/15/2023,29195.30,29723.082,-0.02,0.06,0,-0.007863607,0
08/16/2023,28726.30,29759.937,-0.03,0.06,0,-0.01606423,0
08/17/2023,26635.70,29764.87,-0.11,0.06,0,-0.072776515,0
08/18/2023,26053.20,29751.658,-0.12,0.06,0,-0.021869146,0
08/19/2023,26099.40,29714.853,-0.12,0.06,0,0.001773295,0
08/20/2023,26190.80,29651.418,-0.12,0.06,0,0.003501996,0
08/21/2023,26126.00,29588.677,-0.12,0.06,0,-0.002474151,0
08/22/2023,26039.90,29511.352,-0.12,0.06,0,-0.003295568,0
08/23/2023,26436.20,29443.062,-0.10,0.06,0,0.015218952,0
08/24/2023,26177.00,29371.59,-0.11,0.06,0,-0.009804737,0
08/25/2023,26057.20,29301.427,-0.11,0.06,0,-0.004576537,0
08/26/2023,26017.10,29223.56,-0.11,0.06,0,-0.001538922,0
08/27/2023,26100.60,29157.26,-0.10,0.06,0,0.003209428,0
08/28/2023,26118.90,29085.147,-0.10,0.06,0,0.000701133,0
08/29/2023,27723.90,29039.33,-0.05,0.06,0,0.061449755,0
08/30/2023,27298.80,28984.53,-0.06,0.06,0,-0.015333341,0
08/31/2023,25937.30,28906.523,-0.10,0.06,0,-0.049873987,0
1/9/2023,25803.20,28817.388,-0.10,0.06,0,-0.00517016,0
2/9/2023,25869.70,28735.743,-0.10,0.06,0,0.0025772,0
3/9/2023,25971.00,28660.047,-0.09,0.06,0,0.003915778,0
4/9/2023,25823.30,28591.883,-0.10,0.06,0,-0.005687113,0
5/9/2023,25790.20,28515.947,-0.10,0.06,0,-0.001281788,0
6/9/2023,25758.00,28440.433,-0.09,0.06,0,-0.001248536,0
7/9/2023,26249.80,28375.148,-0.07,0.06,0,0.019093097,0
8/9/2023,25909.50,28300.052,-0.08,0.06,0,-0.012963908,0
9/9/2023,25901.10,28221.348,-0.08,0.06,0,-0.000324205,0
10/9/2023,25840.20,28145.563,-0.08,0.06,0,-0.002351251,0
11/9/2023,25166.40,28040.568,-0.10,0.06,0,-0.02607565,0
12/9/2023,25834.50,27965.853,-0.08,0.06,0,0.026547301,0
09/13/2023,26223.00,27898.047,-0.06,0.06,0,0.015038031,0
09/14/2023,26524.70,27836.2,-0.05,0.06,0,0.011505167,0
09/15/2023,26601.00,27777.222,-0.04,0.06,0,0.002876564,0
09/16/2023,26562.00,27722.142,-0.04,0.06,0,-0.00146611,0
09/17/2023,26529.10,27665.798,-0.04,0.06,0,-0.001238612,0
09/18/2023,26763.50,27615.173,-0.03,0.06,0,0.008835581,0
09/19/2023,27209.20,27570.275,-0.01,0.06,0,0.016653278,0
09/20/2023,27125.00,27525.877,-0.01,0.06,0,-0.003094542,0
09/21/2023,26570.00,27467.278,-0.03,0.06,0,-0.020460829,0
09/22/2023,26581.90,27424.008,-0.03,0.06,0,0.000447874,0
09/23/2023,26579.20,27379.852,-0.03,0.06,0,-0.000101573,0
09/24/2023,26251.50,27328.173,-0.04,0.06,0,-0.01232919,0
09/25/2023,26302.70,27279.507,-0.04,0.06,0,0.001950365,0
09/26/2023,26218.90,27227.905,-0.04,0.06,0,-0.003185985,0
09/27/2023,26366.10,27178.115,-0.03,0.06,0,0.005614271,0
09/28/2023,27022.60,27140.463,0.00,0.06,0,0.024899397,0
09/29/2023,26909.80,27101.753,-0.01,0.06,0,-0.004174284,0
09/30/2023,26962.70,27055.928,0.00,0.06,0,0.001965827,0
1/10/2023,27974.50,27035.942,0.03,0.06,0,0.037525915,0
2/10/2023,27505.30,27007.875,0.02,0.06,0,-0.016772418,0
3/10/2023,27428.40,26979.923,0.02,0.06,0,-0.002795825,0
4/10/2023,27790.90,26958.637,0.03,0.06,0,0.013216228,0
5/10/2023,27410.30,26930.787,0.02,0.06,0,-0.01369513,0
6/10/2023,27936.90,26909.665,0.04,0.06,0,0.019211756,0
7/10/2023,27961.10,26879.393,0.04,0.06,0,0.000866238,0
8/10/2023,27922.70,26851.805,0.04,0.06,0,-0.001373337,0
9/10/2023,27581.40,26820.678,0.03,0.06,0,-0.01222303,0
10/10/2023,27391.00,26786.848,0.02,0.06,0,-0.006903203,0
11/10/2023,26876.60,26744.322,0.00,0.06,0,-0.018779891,0
12/10/2023,26761.10,26702.005,0.00,0.06,0,-0.004297419,0
10/13/2023,26863.50,26659.285,0.01,0.06,0,0.00382645,0
10/14/2023,26852.80,26620.243,0.01,0.06,0,-0.00039831,0
10/15/2023,27161.20,26594.158,0.02,0.06,0,0.011484836,0
10/16/2023,28509.70,26625.392,0.07,0.06,1,0.049648027,0
10/17/2023,28403.60,26664.565,0.07,0.06,1,-0.00372154,-0.00372
10/18/2023,28321.70,26701.603,0.06,0.06,1,-0.002883437,-0.00288
10/19/2023,28723.00,26743.807,0.07,0.06,1,0.014169347,0.014169
10/20/2023,29674.50,26802.948,0.11,0.06,1,0.033126763,0.033127
10/21/2023,29912.90,26867.498,0.11,0.06,1,0.008033834,0.008034
10/22/2023,29984.20,26926.632,0.11,0.06,1,0.002383587,0.002384
10/23/2023,33041.80,27041.045,0.22,0.06,1,0.101973706,0.101974
10/24/2023,33917.00,27172.042,0.25,0.06,1,0.026487661,0.026488
10/25/2023,34496.80,27313.37,0.26,0.06,1,0.017094672,0.017095
10/26/2023,34153.70,27447.588,0.24,0.06,1,-0.00994585,-0.00995
10/27/2023,33901.80,27577.303,0.23,0.06,1,-0.007375482,-0.00738
10/28/2023,34082.60,27683.282,0.23,0.06,1,0.00533305,0.005333
10/29/2023,34526.70,27803.747,0.24,0.06,1,0.013030109,0.01303
10/30/2023,34477.90,27946.09,0.23,0.06,1,-0.001413399,-0.00141
10/31/2023,34650.60,28093.547,0.23,0.06,1,0.005009006,0.005009
1/11/2023,35423.80,28252.782,0.25,0.06,1,0.022314188,0.022314
2/11/2023,34931.40,28402.122,0.23,0.06,1,-0.013900259,-0.0139
3/11/2023,34718.70,28550.378,0.22,0.06,1,-0.006089077,-0.00609
4/11/2023,35065.80,28704.972,0.22,0.06,1,0.009997494,0.009997
5/11/2023,35019.40,28859.328,0.21,0.06,1,-0.001323227,-0.00132
6/11/2023,35042.00,29005.865,0.21,0.06,1,0.000645357,0.000645
7/11/2023,35426.10,29164.475,0.21,0.06,1,0.010961132,0.010961
8/11/2023,35636.90,29326.738,0.22,0.06,1,0.005950415,0.00595
9/11/2023,36700.50,29507.743,0.24,0.06,1,0.029845469,0.029845
10/11/2023,37303.00,29710.02,0.26,0.06,1,0.01641667,0.016417
11/11/2023,37150.50,29898.62,0.24,0.06,1,-0.004088143,-0.00409
12/11/2023,37064.40,30079.31,0.23,0.06,1,-0.0023176,-0.00232
11/13/2023,36478.30,30245.203,0.21,0.06,1,-0.015813017,-0.01581
11/14/2023,35549.30,30394.342,0.17,0.06,1,-0.025467196,-0.02547
11/15/2023,37874.90,30582.89,0.24,0.06,1,0.06541901,0.065419
11/16/2023,36161.20,30743.425,0.18,0.06,1,-0.045246324,-0.04525
11/17/2023,36595.40,30907.29,0.18,0.06,1,0.012007345,0.012007
11/18/2023,36568.60,31063.28,0.18,0.06,1,-0.000732332,-0.00073
11/19/2023,37354.20,31233.767,0.20,0.06,1,0.021482912,0.021483
11/20/2023,37454.10,31415.168,0.19,0.06,1,0.002674398,0.002674
11/21/2023,35813.60,31569.03,0.13,0.06,1,-0.043800278,-0.0438
11/22/2023,37410.80,31749.557,0.18,0.06,1,0.044597583,0.044598
11/23/2023,37293.10,31933.583,0.17,0.06,1,-0.00314615,-0.00315
11/24/2023,37717.30,32123.827,0.17,0.06,1,0.011374758,0.011375
11/25/2023,37787.00,32316.628,0.17,0.06,1,0.001847958,0.001848
11/26/2023,37451.80,32501.39,0.15,0.06,1,-0.008870776,-0.00887
11/27/2023,37248.60,32671.823,0.14,0.06,1,-0.00542564,-0.00543
11/28/2023,37823.30,32853.715,0.15,0.06,1,0.015428768,0.015429
11/29/2023,37855.50,33035.262,0.15,0.06,1,0.000851327,0.000851
11/30/2023,37712.90,33197.568,0.14,0.06,1,-0.003766956,-0.00377
1/12/2023,38688.20,33383.95,0.16,0.06,1,0.025861177,0.025861
2/12/2023,39458.40,33584.45,0.17,0.06,1,0.019907879,0.019908
3/12/2023,39970.20,33787.438,0.18,0.06,1,0.012970622,0.012971
4/12/2023,41987.80,34030.397,0.23,0.06,1,0.050477606,0.050478
5/12/2023,44076.20,34299.385,0.29,0.06,1,0.049738257,0.049738
6/12/2023,43776.30,34562.972,0.27,0.06,1,-0.006804126,-0.0068
7/12/2023,43289.70,34819.088,0.24,0.06,1,-0.011115604,-0.01112
8/12/2023,44175.50,35095.657,0.26,0.06,1,0.020462142,0.020462
9/12/2023,43718.40,35367.78,0.24,0.06,1,-0.010347364,-0.01035
10/12/2023,43791.00,35649.687,0.23,0.06,1,0.001660628,0.001661
11/12/2023,41256.10,35891.27,0.15,0.06,1,-0.057886324,-0.05789
12/12/2023,41487.00,36134.995,0.15,0.06,1,0.005596748,0.005597
12/13/2023,42884.50,36402.19,0.18,0.06,1,0.033685251,0.033685
12/14/2023,43025.90,36666.602,0.17,0.06,1,0.003297229,0.003297
12/15/2023,41929.00,36890.257,0.14,0.06,1,-0.025493947,-0.02549
12/16/2023,42271.70,37121.392,0.14,0.06,1,0.008173341,0.008173
12/17/2023,41368.70,37338.842,0.11,0.06,1,-0.021361809,-0.02136
12/18/2023,42659.70,37571.12,0.14,0.06,1,0.031207169,0.031207
12/19/2023,42259.30,37780.867,0.12,0.06,1,-0.009385908,-0.00939
12/20/2023,43662.80,38010.032,0.15,0.06,1,0.033211624,0.033212
12/21/2023,43865.90,38241.393,0.15,0.06,1,0.004651557,0.004652
12/22/2023,43968.90,38423.512,0.14,0.06,1,0.002348065,0.002348
12/23/2023,43710.40,38586.735,0.13,0.06,1,-0.005879155,-0.00588
12/24/2023,42981.50,38728.147,0.11,0.06,1,-0.016675665,-0.01668
12/25/2023,43578.50,38885.227,0.12,0.06,1,0.013889697,0.01389
12/26/2023,42513.30,39028.752,0.09,0.06,1,-0.024443246,-0.02444
12/27/2023,43446.50,39184.817,0.11,0.06,1,0.021950778,0.021951
12/28/2023,42581.10,39319.057,0.08,0.06,1,-0.019918751,-0.01992
12/29/2023,42072.40,39445.632,0.07,0.06,1,-0.011946615,-0.01195
12/30/2023,42136.70,39570.4,0.06,0.06,1,0.001528318,0.001528
12/31/2023,42272.50,39684.545,0.07,0.06,1,0.003222844,0.003223
1/1/2024,44183.40,39838.745,0.11,0.06,1,0.045204329,0.045204
2/1/2024,44943.70,40009.162,0.12,0.06,1,0.01720782,0.017208
3/1/2024,42836.10,40138.667,0.07,0.06,1,-0.046894225,-0.04689
4/1/2024,44157.00,40290.96,0.10,0.06,1,0.030836141,0.030836
5/1/2024,44156.90,40442.875,0.09,0.06,1,-2.26465E-06,-2.3E-06
6/1/2024,43967.90,40585.238,0.08,0.06,1,-0.004280192,-0.00428
7/1/2024,43927.30,40723.412,0.08,0.06,1,-0.000923401,-0.00092
8/1/2024,46962.20,40894.44,0.15,0.06,1,0.069089154,0.069089
9/1/2024,46129.00,41041.54,0.12,0.06,1,-0.017741929,-0.01774
10/1/2024,46629.30,41199.52,0.13,0.06,1,0.010845672,0.010846
11/1/2024,46348.20,41354.25,0.12,0.06,1,-0.006028398,-0.00603
12/1/2024,42835.90,41460.21,0.03,0.06,0,-0.075780721,-0.07578
01/13/2024,42851.30,41581.91,0.03,0.06,0,0.000359512,0
01/14/2024,41746.10,41646.43,0.00,0.06,0,-0.025791516,0
01/15/2024,42510.70,41752.255,0.02,0.06,0,0.018315483,0
01/16/2024,43145.50,41861.423,0.03,0.06,0,0.014932711,0
01/17/2024,42768.70,41964.758,0.02,0.06,0,-0.00873324,0
01/18/2024,41292.70,42030.4,-0.02,0.06,0,-0.03451122,0
01/19/2024,41648.00,42100.298,-0.01,0.06,0,0.008604426,0
01/20/2024,41695.40,42198.328,-0.01,0.06,0,0.00113811,0
01/21/2024,41583.20,42267.868,-0.02,0.06,0,-0.002690944,0
01/22/2024,39556.40,42305.59,-0.06,0.06,0,-0.048740838,0
01/23/2024,39888.80,42341.782,-0.06,0.06,0,0.008403191,0
01/24/2024,40086.00,42380.098,-0.05,0.06,0,0.004943744,0
01/25/2024,39935.70,42421.497,-0.06,0.06,0,-0.003749439,0
01/26/2024,41811.30,42497.542,-0.02,0.06,0,0.046965497,0
01/27/2024,42120.90,42569.168,-0.01,0.06,0,0.007404697,0
01/28/2024,42030.70,42638.755,-0.01,0.06,0,-0.002141455,0
01/29/2024,43299.80,42731.87,0.01,0.06,0,0.030194596,0
01/30/2024,42946.20,42802.837,0.00,0.06,0,-0.008166319,0
01/31/2024,42580.50,42854.872,-0.01,0.06,0,-0.008515305,0
1/2/2024,43081.40,42906.725,0.00,0.06,0,0.011763601,0
2/2/2024,43194.70,42926.84,0.01,0.06,0,0.002629905,0
3/2/2024,43005.70,42908.998,0.00,0.06,0,-0.004375537,0
4/2/2024,42581.40,42889.083,-0.01,0.06,0,-0.009866134,0
5/2/2024,42697.20,42879.208,0.00,0.06,0,0.002719497,0
6/2/2024,43087.70,42861.078,0.01,0.06,0,0.009145799,0
7/2/2024,44339.80,42871.435,0.03,0.06,0,0.029059337,0
8/2/2024,45293.30,42896.473,0.06,0.06,0,0.021504382,0
9/2/2024,47127.50,42994.33,0.10,0.06,1,0.040496056,0
10/2/2024,47758.20,43098.85,0.11,0.06,1,0.013382844,0.013383
11/2/2024,48277.30,43188.73,0.12,0.06,1,0.010869338,0.010869
12/2/2024,49941.30,43303.987,0.15,0.06,1,0.034467545,0.034468
02/13/2024,49716.00,43433.77,0.14,0.06,1,-0.004511296,-0.00451
02/14/2024,51782.40,43592.282,0.19,0.06,1,0.041564084,0.041564
02/15/2024,51901.30,43767.825,0.19,0.06,1,0.002296147,0.002296
02/16/2024,52134.20,43925.733,0.19,0.06,1,0.004487364,0.004487
02/17/2024,51646.00,44082.178,0.17,0.06,1,-0.009364294,-0.00936
02/18/2024,52117.50,44223.09,0.18,0.06,1,0.009129458,0.009129
02/19/2024,51783.60,44355.052,0.17,0.06,1,-0.006406677,-0.00641
02/20/2024,52263.50,44493.295,0.17,0.06,1,0.009267413,0.009267
02/21/2024,51858.20,44629.092,0.16,0.06,1,-0.007754934,-0.00775
02/22/2024,51320.40,44768.073,0.15,0.06,1,-0.010370587,-0.01037
02/23/2024,50740.50,44887.44,0.13,0.06,1,-0.0112996,-0.0113
02/24/2024,51571.60,45038.412,0.15,0.06,1,0.016379421,0.016379
02/25/2024,51722.70,45176.348,0.14,0.06,1,0.002929907,0.00293
02/26/2024,54495.10,45374.915,0.20,0.06,1,0.053601223,0.053601
02/27/2024,57056.20,45624.645,0.25,0.06,1,0.046996886,0.046997
02/28/2024,62467.60,45963.493,0.36,0.06,1,0.09484333,0.094843
02/29/2024,61169.30,46278.44,0.32,0.06,1,-0.020783574,-0.02078
1/3/2024,62397.70,46582.012,0.34,0.06,1,0.020081969,0.020082
2/3/2024,61994.50,46866.192,0.32,0.06,1,-0.006461777,-0.00646
3/3/2024,63135.80,47204.52,0.34,0.06,1,0.018409698,0.01841
4/3/2024,68270.10,47606.405,0.43,0.06,1,0.081321532,0.081322
5/3/2024,63792.60,47933.667,0.33,0.06,1,-0.06558508,-0.06559
6/3/2024,66080.40,48302.208,0.37,0.06,1,0.035863094,0.035863
7/3/2024,66855.30,48684.342,0.37,0.06,1,0.011726624,0.011727
8/3/2024,68172.00,49037.838,0.39,0.06,1,0.019694774,0.019695
9/3/2024,68366.50,49408.463,0.38,0.06,1,0.002853078,0.002853
10/3/2024,68964.80,49780.722,0.39,0.06,1,0.008751362,0.008751
11/3/2024,72099.10,50209.903,0.44,0.06,1,0.045447823,0.045448
12/3/2024,71470.20,50687.142,0.41,0.06,1,-0.008722716,-0.00872
03/13/2024,73066.30,51190.725,0.43,0.06,1,0.022332385,0.022332
03/14/2024,71387.50,51684.748,0.38,0.06,1,-0.022976393,-0.02298
03/15/2024,69463.70,52133.965,0.33,0.06,1,-0.026948695,-0.02695
03/16/2024,65314.20,52503.443,0.24,0.06,1,-0.059736236,-0.05974
03/17/2024,68391.20,52930.485,0.29,0.06,1,0.047110735,0.047111
03/18/2024,67594.10,53368.842,0.27,0.06,1,-0.011655008,-0.01166
03/19/2024,62050.00,53708.875,0.16,0.06,1,-0.082020472,-0.08202
03/20/2024,67854.00,54144.852,0.25,0.06,1,0.09353747,0.093537
03/21/2024,65503.80,54543.528,0.20,0.06,1,-0.034636131,-0.03464
03/22/2024,63785.50,54947.347,0.16,0.06,1,-0.026232066,-0.02623
03/23/2024,64037.80,55349.83,0.16,0.06,1,0.003955444,0.003955
03/24/2024,67211.90,55801.928,0.20,0.06,1,0.049566038,0.049566
03/25/2024,69892.00,56301.2,0.24,0.06,1,0.039875379,0.039875
03/26/2024,69999.30,56771,0.23,0.06,1,0.001535226,0.001535
03/27/2024,69442.40,57226.358,0.21,0.06,1,-0.007955794,-0.00796
03/28/2024,70762.10,57705.215,0.23,0.06,1,0.019004239,0.019004
03/29/2024,69871.70,58148.08,0.20,0.06,1,-0.012583007,-0.01258
03/30/2024,69611.50,58592.502,0.19,0.06,1,-0.003723968,-0.00372
03/31/2024,71332.00,59071.693,0.21,0.06,1,0.024715744,0.024716
1/4/2024,69664.40,59514.743,0.17,0.06,1,-0.023378007,-0.02338
2/4/2024,65439.20,59885.485,0.09,0.06,1,-0.060650777,-0.06065
3/4/2024,65963.00,60268.107,0.09,0.06,1,0.008004377,0.008004
4/4/2024,68496.50,60700.025,0.13,0.06,1,0.038407895,0.038408
5/4/2024,67830.60,61118.915,0.11,0.06,1,-0.009721665,-0.00972
6/4/2024,68890.60,61548.963,0.12,0.06,1,0.015627165,0.015627
7/4/2024,69360.40,61965.973,0.12,0.06,1,0.006819508,0.00682
8/4/2024,71630.10,62404.92,0.15,0.06,1,0.032723283,0.032723
9/4/2024,69148.00,62771.928,0.10,0.06,1,-0.034651634,-0.03465
10/4/2024,70622.10,63152.993,0.12,0.06,1,0.021318042,0.021318
11/4/2024,70011.60,63515.232,0.10,0.06,1,-0.008644603,-0.00864
12/4/2024,67151.90,63802.075,0.05,0.06,0,-0.040846088,-0.04085
04/13/2024,63849.90,64037.64,0.00,0.06,0,-0.049172101,0
04/14/2024,65697.40,64269.557,0.02,0.06,0,0.028935049,0
04/15/2024,63411.90,64461.4,-0.02,0.06,0,-0.034788287,0
04/16/2024,63805.30,64655.918,-0.01,0.06,0,0.006203883,0
04/17/2024,61278.90,64816.467,-0.05,0.06,0,-0.039595457,0
04/18/2024,63481.40,65005.865,-0.02,0.06,0,0.035942225,0
04/19/2024,63799.10,65206.123,-0.02,0.06,0,0.005004616,0
04/20/2024,64961.10,65417.75,-0.01,0.06,0,0.018213423,0
04/21/2024,64940.20,65635.783,-0.01,0.06,0,-0.000321731,0
04/22/2024,66829.30,65894.265,0.01,0.06,0,0.02908984,0
04/23/2024,66415.00,66155.507,0.00,0.06,0,-0.006199377,0
04/24/2024,64285.70,66367.408,-0.03,0.06,0,-0.032060528,0
04/25/2024,64497.10,66580.315,-0.03,0.06,0,0.003288445,0
04/26/2024,63766.40,66734.837,-0.04,0.06,0,-0.011329192,0
04/27/2024,63456.80,66841.513,-0.05,0.06,0,-0.004855222,0
04/28/2024,63109.70,66852.215,-0.06,0.06,0,-0.005469863,0
04/29/2024,63860.10,66897.062,-0.05,0.06,0,0.011890407,0
04/30/2024,60666.60,66868.21,-0.09,0.06,0,-0.050007751,0
1/5/2024,58331.20,66807.155,-0.13,0.06,0,-0.038495647,0
2/5/2024,59121.30,66740.247,-0.11,0.06,0,0.013545067,0
3/5/2024,62877.50,66650.37,-0.06,0.06,0,0.063533786,0
4/5/2024,63888.30,66651.965,-0.04,0.06,0,0.016075703,0
5/5/2024,64006.40,66617.398,-0.04,0.06,0,0.001848539,0
6/5/2024,63163.10,66555.862,-0.05,0.06,0,-0.013175245,0
7/5/2024,62317.70,66458.29,-0.06,0.06,0,-0.013384397,0
8/5/2024,61207.50,66338.973,-0.08,0.06,0,-0.017815163,0
9/5/2024,63075.00,66240.81,-0.05,0.06,0,0.030510967,0
10/5/2024,60796.90,66052.44,-0.08,0.06,0,-0.036117321,0
11/5/2024,60826.60,65875.047,-0.08,0.06,0,0.000488512,0
12/5/2024,61480.00,65681.942,-0.06,0.06,0,0.010742011,0
05/13/2024,62937.20,65541.103,-0.04,0.06,0,0.023702017,0
05/14/2024,61569.40,65409.532,-0.06,0.06,0,-0.021732775,0
05/15/2024,66225.10,65424.713,0.01,0.06,0,0.075617108,0
05/16/2024,65231.00,65372.043,0.00,0.06,0,-0.015010925,0
05/17/2024,67036.80,65362.755,0.03,0.06,0,0.027683157,0
05/18/2024,66917.50,65443.88,0.02,0.06,0,-0.00177962,0
05/19/2024,66279.10,65417.632,0.01,0.06,0,-0.009540105,0
05/20/2024,71422.70,65516.28,0.09,0.06,1,0.077605158,0
05/21/2024,70139.90,65622.187,0.07,0.06,1,-0.017960676,-0.01796
05/22/2024,69155.40,65707.48,0.05,0.06,0,-0.014036233,-0.01404
05/23/2024,67975.70,65720.21,0.03,0.06,0,-0.017058682,0
05/24/2024,68547.60,65697.803,0.04,0.06,0,0.008413301,0
05/25/2024,69284.40,65685.888,0.05,0.06,0,0.010748735,0
05/26/2024,68514.80,65670.428,0.04,0.06,0,-0.01110784,0
05/27/2024,69428.70,65648.205,0.06,0.06,0,0.013338724,0
05/28/2024,68366.00,65623.11,0.04,0.06,0,-0.01530635,0
05/29/2024,67635.80,65590.182,0.03,0.06,0,-0.010680748,0
05/30/2024,68354.70,65540.56,0.04,0.06,0,0.010628986,0
05/31/2024,67530.10,65504.988,0.03,0.06,0,-0.012063545,0
1/6/2024,67760.80,65543.682,0.03,0.06,0,0.003416254,0
2/6/2024,67773.50,65573.857,0.03,0.06,0,0.000187424,0
3/6/2024,68807.80,65579.045,0.05,0.06,0,0.015261127,0
4/6/2024,70549.20,65624.355,0.08,0.06,1,0.025308177,0
5/6/2024,71083.70,65660.907,0.08,0.06,1,0.007576273,0.007576
6/6/2024,70791.50,65684.758,0.08,0.06,1,-0.004110647,-0.00411
7/6/2024,69347.90,65646.722,0.06,0.06,0,-0.020392279,-0.02039
8/6/2024,69310.10,65649.423,0.06,0.06,0,-0.000545078,0
9/6/2024,69650.60,65633.232,0.06,0.06,1,0.004912704,0
10/6/2024,69538.20,65625.342,0.06,0.06,0,-0.001613769,-0.00161
11/6/2024,67319.80,65628.14,0.03,0.06,0,-0.03190189,0
12/6/2024,68260.10,65701.643,0.04,0.06,0,0.013967659,0
06/13/2024,66773.10,65719.572,0.02,0.06,0,-0.021784322,0
06/14/2024,66034.80,65763.287,0.00,0.06,0,-0.011056848,0
06/15/2024,66223.00,65803.582,0.01,0.06,0,0.002850012,0
06/16/2024,66674.70,65893.512,0.01,0.06,0,0.006820893,0
06/17/2024,66498.80,65943.802,0.01,0.06,0,-0.002638182,0
06/18/2024,65159.90,65966.482,-0.01,0.06,0,-0.020134198,0
06/19/2024,64980.90,65966.812,-0.01,0.06,0,-0.002747088,0
06/20/2024,64854.30,65965.38,-0.02,0.06,0,-0.001948265,0
06/21/2024,64128.50,65920.367,-0.03,0.06,0,-0.011191239,0
06/22/2024,64261.00,65884.467,-0.02,0.06,0,0.002066164,0
06/23/2024,63196.20,65866.308,-0.04,0.06,0,-0.016569926,0
06/24/2024,60292.70,65796.235,-0.08,0.06,0,-0.045944218,0
06/25/2024,61809.40,65763.618,-0.06,0.06,0,0.025155616,0
06/26/2024,60849.40,65720.162,-0.07,0.06,0,-0.015531618,0
06/27/2024,61685.30,65696.422,-0.06,0.06,0,0.013737194,0
06/28/2024,60403.30,65638.808,-0.08,0.06,0,-0.020782909,0
06/29/2024,60973.40,65643.922,-0.07,0.06,0,0.009438226,0
06/30/2024,62754.30,65717.64,-0.05,0.06,0,0.029207818,0
1/7/2024,62890.10,65780.453,-0.04,0.06,0,0.002163995,0
2/7/2024,62103.30,65767.55,-0.06,0.06,0,-0.012510713,0
3/7/2024,60199.30,65706.067,-0.08,0.06,0,-0.030658596,0
4/7/2024,57026.30,65589.732,-0.13,0.06,0,-0.052708254,0
5/7/2024,56641.80,65481.043,-0.13,0.06,0,-0.006742503,0
6/7/2024,58259.20,65413.402,-0.11,0.06,0,0.028554883,0
7/7/2024,55861.10,65324.295,-0.14,0.06,0,-0.041162597,0
8/7/2024,56724.70,65218.457,-0.13,0.06,0,0.015459774,0
9/7/2024,58039.40,65172.498,-0.11,0.06,0,0.023176852,0
10/7/2024,57746.70,65121.167,-0.11,0.06,0,-0.005043126,0
11/7/2024,57337.30,65052.122,-0.12,0.06,0,-0.007089583,0
12/7/2024,57885.10,64967.92,-0.11,0.06,0,0.00955399,0
07/13/2024,59209.80,64928.593,-0.09,0.06,0,0.022884991,0
07/14/2024,60794.90,64838.09,-0.06,0.06,0,0.026770906,0
07/15/2024,64782.40,64830.613,0.00,0.06,0,0.065589383,0
07/16/2024,65049.70,64797.495,0.00,0.06,0,0.004126121,0
07/17/2024,64089.20,64750.357,-0.01,0.06,0,-0.014765633,0
07/18/2024,63980.50,64712.047,-0.01,0.06,0,-0.001696074,0
07/19/2024,66677.40,64632.958,0.03,0.06,0,0.042151906,0
07/20/2024,67148.50,64583.102,0.04,0.06,0,0.007065362,0
07/21/2024,68158.70,64566.49,0.06,0.06,0,0.015044268,0
07/22/2024,67553.60,64559.455,0.05,0.06,0,-0.00887781,0
07/23/2024,65937.80,64515.958,0.02,0.06,0,-0.023918784,0
07/24/2024,65370.50,64450.727,0.01,0.06,0,-0.008603563,0
07/25/2024,65799.30,64405.468,0.02,0.06,0,0.006559534,0
07/26/2024,67908.60,64380.133,0.05,0.06,0,0.032056572,0
07/27/2024,67843.10,64371.418,0.05,0.06,0,-0.000964532,0
07/28/2024,68256.30,64381.76,0.06,0.06,1,0.006090524,0
07/29/2024,66798.70,64355.827,0.04,0.06,0,-0.021354805,-0.02135
07/30/2024,66184.90,64333.407,0.03,0.06,0,-0.009188802,0
07/31/2024,64626.00,64281.16,0.01,0.06,0,-0.023553711,0
1/8/2024,65372.90,64241.15,0.02,0.06,0,0.011557268,0
2/8/2024,61478.70,64118.998,-0.04,0.06,0,-0.059569026,0
3/8/2024,60696.70,63954.79,-0.05,0.06,0,-0.012719853,0
4/8/2024,58141.80,63739.092,-0.09,0.06,0,-0.042092898,0
5/8/2024,53979.00,63458.883,-0.15,0.06,0,-0.071597371,0
6/8/2024,56057.80,63237.382,-0.11,0.06,0,0.038511273,0
7/8/2024,55120.90,63000.895,-0.13,0.06,0,-0.016713107,0
8/8/2024,61699.70,62868.38,-0.02,0.06,0,0.119352188,0
9/8/2024,60850.60,62723.587,-0.03,0.06,0,-0.013761817,0
10/8/2024,60931.70,62617.118,-0.03,0.06,0,0.001332772,0
11/8/2024,58713.30,62458.005,-0.06,0.06,0,-0.036407978,0
12/8/2024,59350.00,62334.287,-0.05,0.06,0,0.010844221,0
08/13/2024,60595.20,62243.627,-0.03,0.06,0,0.020980623,0
08/14/2024,58707.80,62118.373,-0.05,0.06,0,-0.031147682,0
08/15/2024,57534.60,61966.038,-0.07,0.06,0,-0.019983716,0
08/16/2024,58877.20,61839.012,-0.05,0.06,0,0.023335523,0
08/17/2024,59483.10,61744.398,-0.04,0.06,0,0.010290911,0
08/18/2024,58446.30,61635.488,-0.05,0.06,0,-0.017430161,0
08/19/2024,59470.90,61545.765,-0.03,0.06,0,0.017530622,0
08/20/2024,59005.80,61460.387,-0.04,0.06,0,-0.007820632,0
08/21/2024,61158.10,61408.672,0.00,0.06,0,0.036476075,0
08/22/2024,60372.20,61361.605,-0.02,0.06,0,-0.012850301,0
08/23/2024,64053.10,61424.278,0.04,0.06,0,0.060970115,0
08/24/2024,64159.30,61463.443,0.04,0.06,0,0.001657999,0
08/25/2024,64273.20,61520.507,0.04,0.06,0,0.001775269,0
08/26/2024,62846.20,61539.855,0.02,0.06,0,-0.0222021,0
08/27/2024,59450.90,61523.982,-0.03,0.06,0,-0.054025542,0
08/28/2024,59016.00,61491.358,-0.04,0.06,0,-0.00731528,0
08/29/2024,59373.50,61435.012,-0.03,0.06,0,0.006057679,0
08/30/2024,59119.70,61372.172,-0.04,0.06,0,-0.004274634,0
08/31/2024,58978.60,61320.093,-0.04,0.06,0,-0.002386683,0
1/9/2024,57315.70,61272.033,-0.06,0.06,0,-0.028194972,0
2/9/2024,59134.00,61307.162,-0.04,0.06,0,0.031724292,0
3/9/2024,57479.80,61321.128,-0.06,0.06,0,-0.027973755,0
4/9/2024,57973.40,61316.365,-0.05,0.06,0,0.008587365,0
5/9/2024,56183.20,61321.733,-0.08,0.06,0,-0.030879679,0
6/9/2024,53966.80,61275.768,-0.12,0.06,0,-0.039449515,0
7/9/2024,54156.50,61211.053,-0.12,0.06,0,0.003515124,0
8/9/2024,54861.30,61162.963,-0.10,0.06,0,0.013014135,0
9/9/2024,57049.60,61158.168,-0.07,0.06,0,0.039887863,0
10/9/2024,57635.00,61154,-0.06,0.06,0,0.010261246,0
11/9/2024,57338.70,61122.815,-0.06,0.06,0,-0.005140973,0
12/9/2024,58134.50,61078.475,-0.05,0.06,0,0.013878933,0
09/13/2024,60511.60,61007.295,-0.01,0.06,0,0.040889661,0
09/14/2024,59995.40,60923.057,-0.02,0.06,0,-0.008530596,0
09/15/2024,59138.50,60840.545,-0.03,0.06,0,-0.014282762,0
09/16/2024,58213.10,60744.422,-0.04,0.06,0,-0.015648013,0
09/17/2024,60309.10,60638.283,-0.01,0.06,0,0.036005641,0
09/18/2024,61757.60,60548.435,0.02,0.06,0,0.024017934,0
09/19/2024,62938.60,60461.433,0.04,0.06,0,0.019123152,0
09/20/2024,63201.20,60388.893,0.05,0.06,0,0.00417232,0
09/21/2024,63348.10,60345.732,0.05,0.06,0,0.002324323,0
09/22/2024,63572.70,60315.768,0.05,0.06,0,0.003545489,0
09/23/2024,63331.80,60274.643,0.05,0.06,0,-0.003789362,0
09/24/2024,64256.80,60213.78,0.07,0.06,1,0.014605617,0
09/25/2024,63156.50,60135.67,0.05,0.06,0,-0.01712348,-0.01712
09/26/2024,65175.70,60084.327,0.08,0.06,1,0.031971373,0
09/27/2024,65776.30,60067.287,0.10,0.06,1,0.009215091,0.009215
09/28/2024,65866.50,60061.98,0.10,0.06,1,0.001371315,0.001371
09/29/2024,65607.10,60078.332,0.09,0.06,1,-0.003938269,-0.00394
09/30/2024,63339.20,60044.437,0.05,0.06,0,-0.034567905,-0.03457
1/10/2024,60835.50,60033.717,0.01,0.06,0,-0.039528444,0
2/10/2024,60645.70,60032.867,0.01,0.06,0,-0.003119889,0
3/10/2024,60751.20,60076.357,0.01,0.06,0,0.001739612,0
4/10/2024,62081.00,60211.39,0.03,0.06,0,0.02188928,0
5/10/2024,62061.40,60311.45,0.03,0.06,0,-0.000315717,0
6/10/2024,62819.40,60439.758,0.04,0.06,0,0.012213711,0
7/10/2024,62245.60,60448.857,0.03,0.06,0,-0.009134121,0
8/10/2024,62157.00,60470.63,0.03,0.06,0,-0.001423394,0
9/10/2024,60628.80,60465.582,0.00,0.06,0,-0.024586129,0
10/10/2024,60316.20,60492.297,0.00,0.06,0,-0.005155965,0
11/10/2024,62499.40,60544.787,0.03,0.06,0,0.036195914,0
12/10/2024,63205.10,60588.285,0.04,0.06,0,0.011291308,0
10/13/2024,62870.90,60657.67,0.04,0.06,0,-0.005287548,0
10/14/2024,66081.70,60800.122,0.09,0.06,1,0.051069732,0
10/15/2024,67077.50,60936.793,0.10,0.06,1,0.015069225,0.015069
10/16/2024,67617.90,61072.373,0.11,0.06,1,0.008056353,0.008056
10/17/2024,67418.40,61221.908,0.10,0.06,1,-0.002950402,-0.00295
10/18/2024,68423.10,61371.112,0.11,0.06,1,0.01490246,0.014902
10/19/2024,68372.00,61527.215,0.11,0.06,1,-0.000746824,-0.00075
10/20/2024,69030.50,61658.422,0.12,0.06,1,0.009631136,0.009631
10/21/2024,67371.30,61775.073,0.09,0.06,1,-0.024035752,-0.02404
10/22/2024,67427.30,61831.31,0.09,0.06,1,0.000831214,0.000831
10/23/2024,66663.70,61873.05,0.08,0.06,1,-0.01132479,-0.01132
10/24/2024,68191.50,61938.355,0.10,0.06,1,0.02291802,0.022918
10/25/2024,66696.80,62002.532,0.08,0.06,1,-0.021919154,-0.02192
10/26/2024,67086.80,62129.797,0.08,0.06,1,0.005847357,0.005847
10/27/2024,68004.60,62279.607,0.09,0.06,1,0.013680784,0.013681
10/28/2024,69954.10,62455.95,0.12,0.06,1,0.028667178,0.028667
10/29/2024,72730.40,62682.795,0.16,0.06,1,0.039687452,0.039687
10/30/2024,72347.80,62905.615,0.15,0.06,1,-0.005260524,-0.00526
10/31/2024,70281.80,63121.717,0.11,0.06,1,-0.028556501,-0.02856
1/11/2024,69507.20,63294.603,0.10,0.06,1,-0.011021345,-0.01102
2/11/2024,69325.80,63492.037,0.09,0.06,1,-0.002609802,-0.00261
3/11/2024,68769.60,63671.973,0.08,0.06,1,-0.008022987,-0.00802
4/11/2024,67848.80,63866.4,0.06,0.06,1,-0.013389637,-0.01339
5/11/2024,69373.70,64123.182,0.08,0.06,1,0.022474974,0.022475
6/11/2024,75586.30,64480.345,0.17,0.06,1,0.089552669,0.089553
7/11/2024,75868.60,64830.467,0.17,0.06,1,0.003734804,0.003735
8/11/2024,76517.30,65154.928,0.17,0.06,1,0.008550309,0.00855
9/11/2024,76700.30,65472.683,0.17,0.06,1,0.002391616,0.002392
10/11/2024,80388.50,65856.847,0.22,0.06,1,0.048085861,0.048086
11/11/2024,88664.10,66365.673,0.34,0.06,1,0.102945073,0.102945
12/11/2024,87941.30,66822.835,0.32,0.06,1,-0.008152116,-0.00815
11/13/2024,90422.20,67329.948,0.34,0.06,1,0.028210863,0.028211
11/14/2024,87294.00,67799.207,0.29,0.06,1,-0.034595487,-0.0346
11/15/2024,91046.50,68346.43,0.33,0.06,1,0.042986918,0.042987
11/16/2024,90539.10,68850.263,0.32,0.06,1,-0.005572976,-0.00557
11/17/2024,89833.70,69318.198,0.30,0.06,1,-0.007791109,-0.00779
11/18/2024,90478.70,69777.2,0.30,0.06,1,0.007179934,0.00718
11/19/2024,92239.20,70261.167,0.31,0.06,1,0.019457618,0.019458
11/20/2024,94303.90,70777.097,0.33,0.06,1,0.022384192,0.022384
11/21/2024,98374.50,71357.127,0.38,0.06,1,0.043164705,0.043165
11/22/2024,98929.70,71950.425,0.37,0.06,1,0.005643739,0.005644
11/23/2024,97699.00,72507.795,0.35,0.06,1,-0.012440147,-0.01244
11/24/2024,97935.20,73087.44,0.34,0.06,1,0.00241763,0.002418
11/25/2024,93064.40,73552.252,0.27,0.06,1,-0.049734927,-0.04973
11/26/2024,91977.60,73988.94,0.24,0.06,1,-0.011677935,-0.01168
11/27/2024,95886.60,74489.275,0.29,0.06,1,0.042499478,0.042499
11/28/2024,95645.50,74989.915,0.28,0.06,1,-0.002514429,-0.00251
11/29/2024,97438.00,75558.228,0.29,0.06,1,0.01874108,0.018741
11/30/2024,96405.70,76151.065,0.27,0.06,1,-0.010594429,-0.01059
1/12/2024,97201.40,76760.327,0.27,0.06,1,0.008253661,0.008254
2/12/2024,95846.60,77345.25,0.24,0.06,1,-0.013938071,-0.01394
3/12/2024,95898.70,77908.878,0.23,0.06,1,0.000543577,0.000544
4/12/2024,98635.80,78518.452,0.26,0.06,1,0.028541576,0.028542
5/12/2024,96970.80,79087.642,0.23,0.06,1,-0.016880281,-0.01688
6/12/2024,99760.70,79712.893,0.25,0.06,1,0.028770516,0.028771
7/12/2024,99837.00,80340.893,0.24,0.06,1,0.00076483,0.000765
8/12/2024,101115.80,81015.677,0.25,0.06,1,0.012808878,0.012809
9/12/2024,97359.40,81633.063,0.19,0.06,1,-0.037149486,-0.03715
10/12/2024,96600.30,82201.412,0.18,0.06,1,-0.007796885,-0.0078
11/12/2024,101126.20,82833.43,0.22,0.06,1,0.046851821,0.046852
12/12/2024,100009.90,83452.413,0.20,0.06,1,-0.011038682,-0.01104
12/13/2024,101426.20,84041.488,0.21,0.06,1,0.014161598,0.014162
12/14/2024,101417.70,84613.825,0.20,0.06,1,-8.38048E-05,-8.4E-05
12/15/2024,104443.00,85227.577,0.23,0.06,1,0.029830099,0.02983
12/16/2024,106057.60,85871.563,0.24,0.06,1,0.01545915,0.015459
12/17/2024,106138.90,86500.16,0.23,0.06,1,0.000766565,0.000767
12/18/2024,100197.80,87030.59,0.15,0.06,1,-0.055974765,-0.05597
12/19/2024,97466.10,87504.517,0.11,0.06,1,-0.027263074,-0.02726
12/20/2024,97795.70,88011.59,0.11,0.06,1,0.003381689,0.003382
12/21/2024,97253.30,88508.69,0.10,0.06,1,-0.005546256,-0.00555
12/22/2024,95183.80,88984.025,0.07,0.06,1,-0.021279484,-0.02128
12/23/2024,94852.10,89428.368,0.06,0.06,1,-0.003484837,-0.00348
12/24/2024,98668.10,89961.223,0.10,0.06,1,0.040231054,0.040231
12/25/2024,99391.30,90499.632,0.10,0.06,1,0.007329623,0.00733
12/26/2024,95777.70,90962.517,0.05,0.06,0,-0.036357307,-0.03636
12/27/2024,94275.90,91367.88,0.03,0.06,0,-0.015680059,0
12/28/2024,95284.50,91743.782,0.04,0.06,0,0.010698386,0
12/29/2024,93716.30,92099.923,0.02,0.06,0,-0.016458081,0
12/30/2024,92779.80,92474.89,0.00,0.06,0,-0.009992925,0
12/31/2024,93557.20,92875.723,0.01,0.06,0,0.008378979,0
1/1/2025,94560.20,93296.297,0.01,0.06,0,0.010720714,0
2/1/2025,96960.00,93766.137,0.03,0.06,0,0.025378542,0
3/1/2025,98167.50,94271.448,0.04,0.06,0,0.012453589,0
4/1/2025,98219.90,94752.218,0.04,0.06,0,0.000533782,0
5/1/2025,98347.70,95131.575,0.03,0.06,0,0.001301162,0
6/1/2025,102248.70,95571.243,0.07,0.06,1,0.039665391,0
7/1/2025,96929.80,95911.452,0.01,0.06,0,-0.052019243,-0.05202
8/1/2025,95066.60,96217.557,-0.01,0.06,0,-0.019222159,0
9/1/2025,92539.80,96420.078,-0.04,0.06,0,-0.026579261,0
10/1/2025,94724.10,96521.078,-0.02,0.06,0,0.023603898,0
11/1/2025,94612.00,96632.257,-0.02,0.06,0,-0.001183437,0
12/1/2025,94541.80,96700.917,-0.02,0.06,0,-0.000741978,0
01/13/2025,94536.10,96821.618,-0.02,0.06,0,-6.02908E-05,0
01/14/2025,96542.10,96913.212,0.00,0.06,0,0.021219407,0
01/15/2025,100499.80,97079.223,0.04,0.06,0,0.040994551,0
01/16/2025,100004.50,97248.737,0.03,0.06,0,-0.004928368,0
01/17/2025,104084.90,97475.507,0.07,0.06,1,0.040802164,0
01/18/2025,104536.90,97680.468,0.07,0.06,1,0.004342609,0.004343
01/19/2025,101319.50,97797.395,0.04,0.06,0,-0.030777649,-0.03078
01/20/2025,102197.70,97861.115,0.04,0.06,0,0.008667631,0
01/21/2025,106157.20,97981.573,0.08,0.06,1,0.038743533,0
01/22/2025,103684.80,98081.337,0.06,0.06,0,-0.023289989,-0.02329
01/23/2025,103912.10,98180.952,0.06,0.06,0,0.002192221,0
01/24/2025,104862.30,98377.583,0.07,0.06,1,0.009144267,0
01/25/2025,104742.90,98590.338,0.06,0.06,1,-0.001138636,-0.00114
01/26/2025,102637.80,98702.858,0.04,0.06,0,-0.020097782,-0.0201
01/27/2025,102091.70,98810.295,0.03,0.06,0,-0.005320652,0
01/28/2025,101349.30,98875.483,0.03,0.06,0,-0.007271894,0
01/29/2025,103722.00,98997.422,0.05,0.06,0,0.023411114,0
01/30/2025,104726.90,99122.847,0.06,0.06,0,0.009688398,0
01/31/2025,102424.20,99232.473,0.03,0.06,0,-0.021987665,0
1/2/2025,100648.00,99311.628,0.01,0.06,0,-0.017341605,0
2/2/2025,97684.90,99295.78,-0.02,0.06,0,-0.029440227,0
3/2/2025,101337.10,99368.552,0.02,0.06,0,0.037387559,0
4/2/2025,97793.40,99335.763,-0.02,0.06,0,-0.034969424,0
5/2/2025,96595.30,99281.735,-0.03,0.06,0,-0.012251338,0
6/2/2025,96568.80,99205.952,-0.03,0.06,0,-0.00027434,0
7/2/2025,96513.50,99191.853,-0.03,0.06,0,-0.000572649,0
8/2/2025,96447.90,99189.313,-0.03,0.06,0,-0.000679698,0
9/2/2025,96469.20,99111.697,-0.03,0.06,0,0.000220845,0
10/2/2025,97434.70,99068.777,-0.02,0.06,0,0.010008376,0
11/2/2025,95771.70,98974.535,-0.03,0.06,0,-0.017067841,0
12/2/2025,97881.30,98915.595,-0.01,0.06,0,0.022027384,0
02/13/2025,96610.20,98785.048,-0.02,0.06,0,-0.012986137,0
02/14/2025,97504.60,98642.498,-0.01,0.06,0,0.009257822,0
02/15/2025,97573.40,98499.74,-0.01,0.06,0,0.000705608,0
02/16/2025,96132.10,98431.978,-0.02,0.06,0,-0.014771444,0
02/17/2025,95781.30,98403.898,-0.03,0.06,0,-0.003649145,0
02/18/2025,95638.00,98367.937,-0.03,0.06,0,-0.001496117,0
02/19/2025,96644.80,98357.795,-0.02,0.06,0,0.010527196,0
02/20/2025,98310.30,98409.903,0.00,0.06,0,0.017233209,0
02/21/2025,96155.60,98431.628,-0.02,0.06,0,-0.021917337,0
02/22/2025,96556.10,98396.428,-0.02,0.06,0,0.004165124,0
02/23/2025,96258.80,98344.22,-0.02,0.06,0,-0.003079039,0
02/24/2025,91508.50,98273.067,-0.07,0.06,0,-0.049349254,0
02/25/2025,88686.00,98179.902,-0.10,0.06,0,-0.030844129,0
02/26/2025,84212.70,97995.372,-0.14,0.06,0,-0.050439754,0
02/27/2025,84714.60,97845.343,-0.13,0.06,0,0.005959909,0
02/28/2025,84381.20,97705.367,-0.14,0.06,0,-0.003935567,0
1/3/2025,86071.60,97580.607,-0.12,0.06,0,0.020032898,0
2/3/2025,94265.10,97575.688,-0.03,0.06,0,0.095194001,0
3/3/2025,86209.70,97396.517,-0.11,0.06,0,-0.085454744,0
4/3/2025,87266.30,97214.83,-0.10,0.06,0,0.012256161,0
5/3/2025,90611.70,97088.027,-0.07,0.06,0,0.038335532,0
6/3/2025,89930.90,96947.747,-0.07,0.06,0,-0.007513379,0
7/3/2025,86531.20,96685.788,-0.11,0.06,0,-0.037803469,0
8/3/2025,86221.90,96507.323,-0.11,0.06,0,-0.003574433,0
9/3/2025,80691.60,96267.74,-0.16,0.06,0,-0.064140317,0
10/3/2025,78575.90,96035.008,-0.18,0.06,0,-0.026219582,0
11/3/2025,82921.10,95838.292,-0.13,0.06,0,0.055299398,0
12/3/2025,83664.30,95655.83,-0.13,0.06,0,0.008962737,0
03/13/2025,81100.20,95431.803,-0.15,0.06,0,-0.03064748,0
03/14/2025,83977.10,95255.82,-0.12,0.06,0,0.035473402,0
03/15/2025,84341.30,95052.473,-0.11,0.06,0,0.004336897,0
03/16/2025,82578.40,94753.783,-0.13,0.06,0,-0.020901978,0
03/17/2025,84019.10,94487.36,-0.11,0.06,0,0.017446451,0
03/18/2025,82719.10,94131.263,-0.12,0.06,0,-0.015472672,0
03/19/2025,86841.00,93836.332,-0.07,0.06,0,0.049830088,0
03/20/2025,84208.10,93551.142,-0.10,0.06,0,-0.030318628,0
03/21/2025,84073.30,93249.068,-0.10,0.06,0,-0.001600796,0
03/22/2025,83840.50,92877.123,-0.10,0.06,0,-0.002769012,0
03/23/2025,86077.40,92583.667,-0.07,0.06,0,0.026680423,0
03/24/2025,87490.00,92309.965,-0.05,0.06,0,0.016410812,0
03/25/2025,87404.00,92018.993,-0.05,0.06,0,-0.000982969,0
03/26/2025,86912.00,91721.812,-0.05,0.06,0,-0.005629033,0
03/27/2025,87228.20,91464.985,-0.05,0.06,0,0.003638163,0
03/28/2025,84410.40,91170.297,-0.07,0.06,0,-0.032303773,0
03/29/2025,82645.70,90858.57,-0.09,0.06,0,-0.020906192,0
03/30/2025,82371.60,90502.73,-0.09,0.06,0,-0.003316567,0
03/31/2025,82548.80,90133.095,-0.08,0.06,0,0.002151227,0
1/4/2025,85164.20,89845.428,-0.05,0.06,0,0.031683077,0
2/4/2025,82525.00,89543.378,-0.08,0.06,0,-0.030989547,0
3/4/2025,83159.40,89301.287,-0.07,0.06,0,0.007687367,0
4/4/2025,83866.70,89010.113,-0.06,0.06,0,0.008505352,0
5/4/2025,83552.10,88772.758,-0.06,0.06,0,-0.003751191,0
6/4/2025,78391.30,88469.358,-0.11,0.06,0,-0.061767448,0
7/4/2025,79162.50,88179.253,-0.10,0.06,0,0.009837826,0
8/4/2025,76312.50,87842.57,-0.13,0.06,0,-0.036001895,0
9/4/2025,82607.00,87611.888,-0.06,0.06,0,0.08248321,0
10/4/2025,79607.50,87330.86,-0.09,0.06,0,-0.036310482,0
11/4/2025,83413.10,87097.167,-0.04,0.06,0,0.047804541,0
12/4/2025,85292.70,86922.517,-0.02,0.06,0,0.022533631,0
04/13/2025,83734.40,86686.735,-0.03,0.06,0,-0.018270028,0
04/14/2025,84586.40,86486.338,-0.02,0.06,0,0.01017503,0
04/15/2025,83647.00,86255.378,-0.03,0.06,0,-0.011105804,0
04/16/2025,84032.20,86029.692,-0.02,0.06,0,0.004605067,0
04/17/2025,84940.00,85843.157,-0.01,0.06,0,0.010803002,0
04/18/2025,84474.60,85654.712,-0.01,0.06,0,-0.005479162,0
04/19/2025,85068.10,85478.547,0.00,0.06,0,0.007025781,0
04/20/2025,85179.00,85287.45,0.00,0.06,0,0.001303661,0
04/21/2025,87516.00,85107.545,0.03,0.06,0,0.02743634,0
04/22/2025,93441.90,85062.317,0.10,0.06,1,0.06771219,0
04/23/2025,93697.70,85014.677,0.10,0.06,1,0.00273753,0.002738
04/24/2025,93980.30,84976.702,0.11,0.06,1,0.003016083,0.003016
04/25/2025,94676.90,85029.508,0.11,0.06,1,0.007412192,0.007412
04/26/2025,94631.40,85128.598,0.11,0.06,1,-0.000480582,-0.00048
04/27/2025,93742.50,85287.428,0.10,0.06,1,-0.009393288,-0.00939
04/28/2025,94995.00,85458.768,0.11,0.06,1,0.013361069,0.013361
04/29/2025,94269.80,85623.578,0.10,0.06,1,-0.007634086,-0.00763
04/30/2025,94184.40,85758.792,0.10,0.06,1,-0.00090591,-0.00091
1/5/2025,96499.30,85796.028,0.12,0.06,1,0.02457838,0.024578
2/5/2025,96894.40,85974.107,0.13,0.06,1,0.00409433,0.004094
3/5/2025,95885.80,86117.765,0.11,0.06,1,-0.01040927,-0.01041
4/5/2025,94316.90,86179.518,0.09,0.06,1,-0.016362173,-0.01636
5/5/2025,94745.20,86259.757,0.10,0.06,1,0.004541074,0.004541
6/5/2025,96825.40,86431.327,0.12,0.06,1,0.02195573,0.021956
7/5/2025,97035.10,86611.547,0.12,0.06,1,0.002165754,0.002166
8/5/2025,103274.30,86987.925,0.19,0.06,1,0.064298383,0.064298
9/5/2025,102975.10,87394.578,0.18,0.06,1,-0.002897139,-0.0029
10/5/2025,104798.00,87759.193,0.19,0.06,1,0.017702338,0.017702
11/5/2025,104119.20,88100.108,0.18,0.06,1,-0.006477223,-0.00648
12/5/2025,102795.00,88461.688,0.16,0.06,1,-0.012718115,-0.01272
05/13/2025,104119.20,88797.39,0.17,0.06,1,0.01288195,0.012882
05/14/2025,103513.90,89116.933,0.16,0.06,1,-0.005813529,-0.00581
05/15/2025,103765.40,89470.05,0.16,0.06,1,0.002429625,0.00243
05/16/2025,103480.50,89794.407,0.15,0.06,1,-0.002745617,-0.00275
05/17/2025,103112.60,90134.298,0.14,0.06,1,-0.003555259,-0.00356
05/18/2025,106504.50,90462.023,0.18,0.06,1,0.032895107,0.032895
05/19/2025,105585.80,90818.318,0.16,0.06,1,-0.008625927,-0.00863
05/20/2025,106815.80,91197.36,0.17,0.06,1,0.011649294,0.011649
05/21/2025,109640.10,91627.353,0.20,0.06,1,0.026440845,0.026441
05/22/2025,111702.70,92054.442,0.21,0.06,1,0.01881246,0.018812
05/23/2025,107313.40,92384.832,0.16,0.06,1,-0.039294484,-0.03929
05/24/2025,107763.00,92724.148,0.16,0.06,1,0.004189598,0.00419
05/25/2025,109021.10,93092.633,0.17,0.06,1,0.011674694,0.011675
05/26/2025,109455.30,93463.085,0.17,0.06,1,0.003982715,0.003983
05/27/2025,108944.00,93871.978,0.16,0.06,1,-0.004671313,-0.00467
05/28/2025,107786.70,94290.995,0.14,0.06,1,-0.010622889,-0.01062
05/29/2025,105600.00,94678.135,0.12,0.06,1,-0.02028729,-0.02029
05/30/2025,103981.30,95035.343,0.09,0.06,1,-0.015328598,-0.01533
05/31/2025,104598.00,95359.24,0.10,0.06,1,0.005930874,0.005931
1/6/2025,105635.20,95744.41,0.10,0.06,1,0.00991606,0.009916
2/6/2025,105845.60,96122.513,0.10,0.06,1,0.00199176,0.001992
3/6/2025,105388.30,96481.207,0.09,0.06,1,-0.004320444,-0.00432
4/6/2025,104695.60,96833.598,0.08,0.06,1,-0.006572836,-0.00657
5/6/2025,101521.90,97219.108,0.04,0.06,0,-0.030313595,-0.03031
6/6/2025,104308.30,97638.205,0.07,0.06,1,0.027446295,0
7/6/2025,105564.20,98125.733,0.08,0.06,1,0.012040269,0.01204
8/6/2025,105739.60,98511.277,0.07,0.06,1,0.001661548,0.001662
9/6/2025,110268.30,99022.29,0.11,0.06,1,0.042828798,0.042829
10/6/2025,110269.20,99469.892,0.11,0.06,1,8.16191E-06,8.16E-06
11/6/2025,108661.20,99859.367,0.09,0.06,1,-0.014582494,-0.01458
12/6/2025,105703.00,100225.51,0.05,0.06,0,-0.027224069,-0.02722
06/13/2025,106080.30,100583.74,0.05,0.06,0,0.003569435,0
06/14/2025,105421.50,100946.65,0.04,0.06,0,-0.00621039,0
06/15/2025,105591.80,101305.98,0.04,0.06,0,0.00161542,0
06/16/2025,106740.40,101669.32,0.05,0.06,0,0.010877739,0
06/17/2025,104559.80,102004.07,0.03,0.06,0,-0.020429003,0
06/18/2025,104894.20,102334.51,0.03,0.06,0,0.00319817,0
06/19/2025,104669.60,102659.35,0.02,0.06,0,-0.002141205,0
06/20/2025,103280.50,102922.09,0.00,0.06,0,-0.013271284,0
06/21/2025,102113.20,103066.61,-0.01,0.06,0,-0.01130223,0
06/22/2025,100990.40,103188.16,-0.02,0.06,0,-0.01099564,0
06/23/2025,105376.90,103378.1,0.02,0.06,0,0.043434822,0
06/24/2025,106078.60,103568.13,0.02,0.06,0,0.006658955,0
06/25/2025,107349.40,103780.1,0.03,0.06,0,0.011979796,0
06/26/2025,106945.90,104000.15,0.03,0.06,0,-0.003758754,0
06/27/2025,107044.20,104200.97,0.03,0.06,0,0.000919156,0
06/28/2025,107304.40,104418.22,0.03,0.06,0,0.002430772,0
06/29/2025,108361.10,104654.49,0.04,0.06,0,0.009847686,0
06/30/2025,107171.10,104832.36,0.02,0.06,0,-0.010981801,0
1/7/2025,105694.30,104979.02,0.01,0.06,0,-0.013779834,0
2/7/2025,108843.70,105194.99,0.03,0.06,0,0.029797255,0
3/7/2025,109600.50,105449.71,0.04,0.06,0,0.00695309,0
4/7/2025,107989.60,105670.45,0.02,0.06,0,-0.014697926,0
5/7/2025,108204.70,105860.11,0.02,0.06,0,0.001991858,0
6/7/2025,109207.00,106062.97,0.03,0.06,0,0.009262999,0
7/7/2025,108269.60,106146.23,0.02,0.06,0,-0.008583699,0
8/7/2025,108913.10,106245.2,0.03,0.06,0,0.005943497,0
9/7/2025,111246.00,106352.66,0.05,0.06,0,0.021419829,0
10/7/2025,115993.60,106550.57,0.09,0.06,1,0.042676591,0
11/7/2025,117535.60,106796.25,0.10,0.06,1,0.013293837,0.013294
12/7/2025,117419.50,107017.92,0.10,0.06,1,-0.000987786,-0.00099
07/13/2025,119090.60,107277.53,0.11,0.06,1,0.014231878,0.014232
07/14/2025,119849.50,107545.6,0.11,0.06,1,0.006372459,0.006372
07/15/2025,117762.30,107783.63,0.09,0.06,1,-0.017415175,-0.01742
07/16/2025,118683.20,108043.14,0.10,0.06,1,0.00781999,0.00782
07/17/2025,119194.90,108254.64,0.10,0.06,1,0.004311478,0.004311
07/18/2025,117940.30,108460.55,0.09,0.06,1,-0.010525618,-0.01053
07/19/2025,117848.40,108644.43,0.08,0.06,1,-0.000779208,-0.00078
07/20/2025,117297.20,108772.05,0.08,0.06,1,-0.004677195,-0.00468
07/21/2025,117388.10,108866.8,0.08,0.06,1,0.000774955,0.000775
07/22/2025,119965.50,109077.67,0.10,0.06,1,0.021956229,0.021956
07/23/2025,118763.00,109261.01,0.09,0.06,1,-0.010023715,-0.01002
07/24/2025,118310.90,109415.84,0.08,0.06,1,-0.003806741,-0.00381
07/25/2025,117631.90,109552.11,0.07,0.06,1,-0.005739116,-0.00574
07/26/2025,117917.60,109701.67,0.07,0.06,1,0.002428763,0.002429
07/27/2025,119398.10,109895.2,0.09,0.06,1,0.012555378,0.012555
07/28/2025,118053.90,110102.76,0.07,0.06,1,-0.011258136,-0.01126
07/29/2025,117950.10,110335.57,0.07,0.06,1,-0.000879259,-0.00088
07/30/2025,117840.40,110556.28,0.07,0.06,1,-0.000930054,-0.00093
07/31/2025,115765.00,110725.11,0.05,0.06,0,-0.017611957,-0.01761
1/8/2025,113312.10,110849.55,0.02,0.06,0,-0.021188615,0
2/8/2025,112547.70,110968.88,0.01,0.06,0,-0.00674597,0
3/8/2025,114213.10,111127.5,0.03,0.06,0,0.014797282,0
4/8/2025,115055.30,111353.06,0.03,0.06,0,0.007373935,0
5/8/2025,114139.10,111516.9,0.02,0.06,0,-0.007963127,0
6/8/2025,115002.10,111674.2,0.03,0.06,0,0.00756095,0
7/8/2025,117480.50,111869.88,0.05,0.06,0,0.021550911,0
8/8/2025,116676.30,111976.68,0.04,0.06,0,-0.006845391,0
9/8/2025,116471.60,112080.06,0.04,0.06,0,-0.001754427,0
10/8/2025,119287.00,112257.15,0.06,0.06,1,0.024172416,0
11/8/2025,118689.60,112473.6,0.06,0.06,0,-0.00500809,-0.00501
12/8/2025,120146.20,112708.03,0.07,0.06,1,0.012272347,0
08/13/2025,123323.40,113006.39,0.09,0.06,1,0.026444449,0.026444
08/14/2025,118314.20,113218.43,0.05,0.06,0,-0.040618407,-0.04062
08/15/2025,117356.30,113395.37,0.03,0.06,0,-0.008096239,0
08/16/2025,117413.40,113609.59,0.03,0.06,0,0.000486552,0
08/17/2025,117405.40,113818.11,0.03,0.06,0,-6.81353E-05,0
08/18/2025,116203.80,114010.35,0.02,0.06,0,-0.010234623,0
08/19/2025,112880.30,114170.35,-0.01,0.06,0,-0.028600614,0
08/20/2025,114275.00,114373.04,0.00,0.06,0,0.012355566,0
08/21/2025,112481.10,114564.55,-0.02,0.06,0,-0.015698097,0
08/22/2025,116928.90,114757.09,0.02,0.06,0,0.039542643,0
08/23/2025,115433.30,114913,0.00,0.06,0,-0.012790679,0
08/24/2025,113483.20,115015.23,-0.01,0.06,0,-0.016893739,0
08/25/2025,110118.40,115068.1,-0.04,0.06,0,-0.029650204,0
08/26/2025,111768.60,115146.84,-0.03,0.06,0,0.014985688,0
08/27/2025,111255.60,115212.7,-0.03,0.06,0,-0.00458984,0
08/28/2025,112568.90,115282.83,-0.02,0.06,0,0.01180435,0
08/29/2025,108355.60,115302.57,-0.06,0.06,0,-0.037428633,0
08/30/2025,108818.10,115354.63,-0.06,0.06,0,0.004268353,0
08/31/2025,108226.80,115344.35,-0.06,0.06,0,-0.005433839,0
1/9/2025,109243.30,115338.4,-0.05,0.06,0,0.009392313,0
2/9/2025,111218.30,115392.21,-0.04,0.06,0,0.018078912,0
3/9/2025,111716.50,115450.74,-0.03,0.06,0,0.004479479,0
4/9/2025,110712.70,115475.83,-0.04,0.06,0,-0.008985244,0
5/9/2025,110652.20,115515.54,-0.04,0.06,0,-0.000546459,0
6/9/2025,110194.40,115536.9,-0.05,0.06,0,-0.004137288,0
7/9/2025,111150.10,115535.3,-0.04,0.06,0,0.008672855,0
8/9/2025,112068.40,115469.88,-0.03,0.06,0,0.008261801,0
9/9/2025,111516.50,115369.56,-0.03,0.06,0,-0.004924671,0
10/9/2025,113963.50,115311.96,-0.01,0.06,0,0.021942941,0
11/9/2025,115490.20,115251.96,0.00,0.06,0,0.013396394,0
12/9/2025,116042.80,115188.51,0.01,0.06,0,0.004784822,0
09/13/2025,115924.90,115157.89,0.01,0.06,0,-0.001016004,0
09/14/2025,115314.60,115101.74,0.00,0.06,0,-0.005264615,0
09/15/2025,115362.10,115037.86,0.00,0.06,0,0.000411917,0
09/16/2025,116795.90,115018.79,0.02,0.06,0,0.012428692,0
09/17/2025,116425.90,114995.08,0.01,0.06,0,-0.003167919,0
09/18/2025,117086.00,114991.56,0.02,0.06,0,0.005669701,0
09/19/2025,115649.00,114962.58,0.01,0.06,0,-0.01227303,0
09/20/2025,115699.20,114891.47,0.01,0.06,0,0.000434072,0
09/21/2025,115243.00,114832.81,0.00,0.06,0,-0.003942983,0
09/22/2025,112673.00,114738.84,-0.02,0.06,0,-0.022300704,0
09/23/2025,112002.60,114645.02,-0.02,0.06,0,-0.005949961,0
09/24/2025,113307.10,114568.18,-0.01,0.06,0,0.011647051,0
09/25/2025,109016.30,114395.15,-0.05,0.06,0,-0.037868766,0
09/26/2025,109662.20,114255.29,-0.04,0.06,0,0.005924802,0
09/27/2025,109652.80,114117,-0.04,0.06,0,-8.57178E-05,0
09/28/2025,112174.60,114022.57,-0.02,0.06,0,0.022998045,0
09/29/2025,114357.50,113999.11,0.00,0.06,0,0.019459842,0
09/30/2025,114048.50,114011.38,0.00,0.06,0,-0.002702053,0
1/10/2025,118576.20,114111.86,0.04,0.06,0,0.039699777,0
2/10/2025,120566.10,114217.74,0.06,0.06,0,0.016781614,0
3/10/2025,122224.20,114337.22,0.07,0.06,1,0.013752622,0
4/10/2025,122387.10,114474.69,0.07,0.06,1,0.001332797,0.001333
5/10/2025,123475.50,114615.91,0.08,0.06,1,0.008893094,0.008893
6/10/2025,124725.10,114736.66,0.09,0.06,1,0.010120226,0.01012
7/10/2025,121356.60,114814.66,0.06,0.06,0,-0.027007395,-0.02701
8/10/2025,123311.10,114928.65,0.07,0.06,1,0.016105428,0
9/10/2025,121666.30,114968.31,0.06,0.06,0,-0.013338621,-0.01334
10/10/2025,112878.60,114871.46,-0.02,0.06,0,-0.072227889,0
11/10/2025,110671.50,114713.55,-0.04,0.06,0,-0.019552865,0
12/10/2025,114986.00,114574.59,0.00,0.06,0,0.038984743,0
10/13/2025,115174.80,114522.27,0.01,0.06,0,0.001641939,0
10/14/2025,113030.80,114450.17,-0.01,0.06,0,-0.018615183,0
10/15/2025,110767.40,114339.41,-0.03,0.06,0,-0.02002463,0
10/16/2025,108204.80,114186.06,-0.05,0.06,0,-0.023134966,0
10/17/2025,106443.50,114023.39,-0.07,0.06,0,-0.016277466,0
10/18/2025,107193.50,113928.61,-0.06,0.06,0,0.007045992,0
10/19/2025,108658.20,113835,-0.05,0.06,0,0.013664075,0
10/20/2025,110544.00,113802.71,-0.03,0.06,0,0.01735534,0
10/21/2025,108340.90,113659.58,-0.05,0.06,0,-0.019929621,0
10/22/2025,107587.50,113528.82,-0.05,0.06,0,-0.006953976,0
10/23/2025,110078.90,113472.08,-0.03,0.06,0,0.023156965,0
10/24/2025,111013.10,113486.99,-0.02,0.06,0,0.00848664,0
10/25/2025,111646.10,113484.95,-0.02,0.06,0,0.00570203,0
10/26/2025,114550.90,113539.87,0.01,0.06,0,0.026017926,0
10/27/2025,114108.00,113565.52,0.00,0.06,0,-0.003866403,0
10/28/2025,112905.80,113641.36,-0.01,0.06,0,-0.010535633,0
10/29/2025,110024.60,113661.47,-0.03,0.06,0,-0.025518618,0
10/30/2025,108320.10,113663.02,-0.05,0.06,0,-0.01549199,0
10/31/2025,109602.80,113669.01,-0.04,0.06,0,0.011841754,0
1/11/2025,110103.60,113650.44,-0.03,0.06,0,0.004569226,0
2/11/2025,110586.60,113631.6,-0.03,0.06,0,0.004386778,0
3/11/2025,106578.10,113562.69,-0.06,0.06,0,-0.03624761,0
4/11/2025,101504.30,113410.23,-0.10,0.06,0,-0.047606403,0
5/11/2025,103896.70,113305.27,-0.08,0.06,0,0.023569445,0
6/11/2025,101325.70,113141.53,-0.10,0.06,0,-0.024745733,0
7/11/2025,103325.40,112995.81,-0.09,0.06,0,0.019735368,0
8/11/2025,102311.10,112842.39,-0.09,0.06,0,-0.00981656,0
9/11/2025,104722.40,112688.37,-0.07,0.06,0,0.023568313,0
10/11/2025,106006.90,112530.31,-0.06,0.06,0,0.012265762,0
11/11/2025,103046.70,112313.71,-0.08,0.06,0,-0.027924597,0
12/11/2025,101658.30,112075.94,-0.09,0.06,0,-0.013473503,0
11/13/2025,99728.70,111816.17,-0.11,0.06,0,-0.018981234,0
11/14/2025,94554.30,111469.37,-0.15,0.06,0,-0.051884763,0
11/15/2025,95587.60,111115.9,-0.14,0.06,0,0.010928112,0
11/16/2025,94259.80,110746.47,-0.15,0.06,0,-0.013890923,0
11/17/2025,92195.00,110331.62,-0.16,0.06,0,-0.021905415,0
11/18/2025,92962.30,109953.51,-0.15,0.06,0,0.008322577,0
11/19/2025,91544.10,109550.92,-0.16,0.06,0,-0.015255647,0
11/20/2025,86613.90,109073.77,-0.21,0.06,0,-0.05385601,0
11/21/2025,85131.00,108614.74,-0.22,0.06,0,-0.017120809,0
11/22/2025,84721.60,108160.05,-0.22,0.06,0,-0.004809059,0
11/23/2025,86826.60,107718.71,-0.19,0.06,0,0.024846084,0
11/24/2025,88296.50,107373.38,-0.18,0.06,0,0.016929144,0
11/25/2025,87366.80,107001.79,-0.18,0.06,0,-0.010529296,0
11/26/2025,90496.50,106682.52,-0.15,0.06,0,0.035822532,0
11/27/2025,91324.60,106335.02,-0.14,0.06,0,0.00915063,0
11/28/2025,90894.70,105943.97,-0.14,0.06,0,-0.004707384,0
11/29/2025,90800.50,105556.51,-0.14,0.06,0,-0.001036364,0
11/30/2025,90374.20,105086.47,-0.14,0.06,0,-0.004694908,0
1/12/2025,86309.10,104515.52,-0.17,0.06,0,-0.044980758,0
2/12/2025,91287.60,103999.91,-0.12,0.06,0,0.057682214,0
3/12/2025,93437.20,103517.41,-0.10,0.06,0,0.023547557,0
4/12/2025,92082.80,102994.2,-0.11,0.06,0,-0.014495297,0
5/12/2025,89333.60,102404.34,-0.13,0.06,0,-0.029855739,0
6/12/2025,89209.80,101868.56,-0.12,0.06,0,-0.001385817,0
7/12/2025,90413.60,101320.27,-0.11,0.06,0,0.013494033,0
8/12/2025,90636.20,100803.1,-0.10,0.06,0,0.002462019,0
9/12/2025,92693.00,100466.68,-0.08,0.06,0,0.02269292,0
10/12/2025,91996.10,100155.42,-0.08,0.06,0,-0.007518367,0
11/12/2025,92507.40,99780.777,-0.07,0.06,0,0.005557844,0
12/12/2025,90272.00,99365.73,-0.09,0.06,0,-0.024164553,0
12/13/2025,90249.30,98986.038,-0.09,0.06,0,-0.000251462,0
12/14/2025,88155.30,98609.17,-0.11,0.06,0,-0.023202396,0
12/15/2025,86428.60,98246.233,-0.12,0.06,0,-0.019587024,0
12/16/2025,87853.40,97936.398,-0.10,0.06,0,0.016485284,0
12/17/2025,86230.20,97587.01,-0.12,0.06,0,-0.018476234,0
12/18/2025,85510.10,97201.208,-0.12,0.06,0,-0.008350903,0
12/19/2025,88131.40,96827.665,-0.09,0.06,0,0.030654858,0
12/20/2025,88364.00,96494.717,-0.08,0.06,0,0.002639241,0
12/21/2025,88636.80,96178.872,-0.08,0.06,0,0.00308723,0
12/22/2025,88547.20,95820.01,-0.08,0.06,0,-0.001010867,0
12/23/2025,87467.90,95427.59,-0.08,0.06,0,-0.012188979,0
12/24/2025,87656.80,95027.768,-0.08,0.06,0,0.002159649,0
12/25/2025,87249.30,94572.742,-0.08,0.06,0,-0.004648812,0
12/26/2025,87357.90,94126.907,-0.07,0.06,0,0.001244709,0
12/27/2025,87850.80,93709.323,-0.06,0.06,0,0.005642306,0
12/28/2025,87904.30,93340.652,-0.06,0.06,0,0.000608987,0
12/29/2025,87217.70,92988.945,-0.06,0.06,0,-0.007810767,0
12/30/2025,88469.60,92636.725,-0.04,0.06,0,0.014353738,0
12/31/2025,87612.70,92261.877,-0.05,0.06,0,-0.009685813,0
1/1/2026,88812.10,91898.968,-0.03,0.06,0,0.013689796,0
2/1/2026,89982.70,91622.378,-0.02,0.06,0,0.013180636,0
3/1/2026,90621.90,91441.005,-0.01,0.06,0,0.007103588,0
4/1/2026,91545.40,91235.15,0.00,0.06,0,0.010190693,0
5/1/2026,93862.20,91110.758,0.03,0.06,0,0.025307662,0
6/1/2026,93739.30,90950.99,0.03,0.06,0,-0.001309366,0
7/1/2026,91342.60,90768.182,0.01,0.06,0,-0.025567718,0
8/1/2026,91081.70,90540.837,0.01,0.06,0,-0.00285628,0
9/1/2026,90605.00,90284.138,0.00,0.06,0,-0.005233763,0
10/1/2026,90485.10,90074.778,0.00,0.06,0,-0.001323327,0
11/1/2026,90935.40,89896.063,0.01,0.06,0,0.00497651,0
12/1/2026,91271.90,89755.117,0.02,0.06,0,0.003700429,0
01/13/2026,95395.50,89769.137,0.06,0.06,1,0.045179294,0
01/14/2026,96934.50,89791.585,0.08,0.06,1,0.016132836,0.016133
01/15/2026,95585.10,89813.673,0.06,0.06,1,-0.01392074,-0.01392
01/16/2026,95549.60,89869.583,0.06,0.06,1,-0.000371397,-0.00037
01/17/2026,95141.40,89905.902,0.06,0.06,0,-0.004272127,-0.00427
01/18/2026,93671.60,89941.36,0.04,0.06,0,-0.015448585,0
01/19/2026,92617.80,90041.425,0.03,0.06,0,-0.011249941,0
01/20/2026,88400.30,90095.913,-0.02,0.06,0,-0.045536603,0
01/21/2026,89433.80,90174.45,-0.01,0.06,0,0.011691137,0
01/22/2026,89520.50,90219.348,-0.01,0.06,0,0.000969432,0
01/23/2026,89580.60,90240.75,-0.01,0.06,0,0.000671355,0
01/24/2026,89254.90,90272.218,-0.01,0.06,0,-0.003635832,0
01/25/2026,86642.00,90207.977,-0.04,0.06,0,-0.029274583,0
01/26/2026,88331.30,90158.088,-0.02,0.06,0,0.019497472,0
01/27/2026,89224.70,90130.255,-0.01,0.06,0,0.010114195,0
01/28/2026,89253.20,90104.467,-0.01,0.06,0,0.000319418,0
01/29/2026,84667.10,90009.348,-0.06,0.06,0,-0.051383032,0
01/30/2026,84235.50,89974.788,-0.06,0.06,0,-0.005097612,0
01/31/2026,78726.50,89765.437,-0.12,0.06,0,-0.06539998,0
1/2/2026,76976.10,89491.085,-0.14,0.06,0,-0.022233936,0
2/2/2026,78720.60,89268.382,-0.12,0.06,0,0.022662878,0
3/2/2026,75724.80,89041.568,-0.15,0.06,0,-0.038056112,0
4/2/2026,73137.00,88773.688,-0.18,0.06,0,-0.034173745,0
5/2/2026,62857.90,88314.427,-0.29,0.06,0,-0.140545825,0
6/2/2026,70555.70,87979.752,-0.20,0.06,0,0.122463525,0
7/2/2026,69319.50,87590.193,-0.21,0.06,0,-0.017520909,0
8/2/2026,70342.00,87229.292,-0.19,0.06,0,0.014750539,0
9/2/2026,70127.90,86856.3,-0.19,0.06,0,-0.003043701,0
10/2/2026,68810.30,86498.605,-0.20,0.06,0,-0.018788528,0
11/2/2026,67048.80,86111.93,-0.22,0.06,0,-0.025599365,0
12/2/2026,66248.70,85746.82,-0.23,0.06,0,-0.011933099,0
02/13/2026,68883.40,85454.4,-0.19,0.06,0,0.039769837,0
02/14/2026,69784.40,85153.25,-0.18,0.06,0,0.013080074,0
02/15/2026,68813.80,84862.977,-0.19,0.06,0,-0.013908553,0
02/16/2026,68890.70,84585.987,-0.19,0.06,0,0.001117508,0
02/17/2026,67490.90,84241.978,-0.20,0.06,0,-0.020319143,0
02/18/2026,66473.20,83877.132,-0.21,0.06,0,-0.01507907,0
02/19/2026,66978.90,83516.167,-0.20,0.06,0,0.007607577,0
02/20/2026,68023.50,83174.105,-0.18,0.06,0,0.015595956,0
02/21/2026,68011.10,82849.825,-0.18,0.06,0,-0.00018229,0
02/22/2026,67642.90,82516.26,-0.18,0.06,0,-0.005413822,0
02/23/2026,64662.70,82139.817,-0.21,0.06,0,-0.044057839,0
02/24/2026,64048.80,81751.332,-0.22,0.06,0,-0.009493881,0
02/25/2026,67978.80,81420.132,-0.17,0.06,0,0.061359463,0
02/26/2026,67482.10,81079.762,-0.17,0.06,0,-0.00730669,0
02/27/2026,65870.20,80723.97,-0.18,0.06,0,-0.023886334,0
02/28/2026,66995.00,80366.06,-0.17,0.06,0,0.017076007,0
1/3/2026,65763.30,80001.903,-0.18,0.06,0,-0.018384954,0
2/3/2026,68790.80,79668.215,-0.14,0.06,0,0.046036315,0
3/3/2026,68318.50,79307.145,-0.14,0.06,0,-0.006865744,0
4/3/2026,72768.70,79009.592,-0.08,0.06,0,0.065139018,0
5/3/2026,70887.50,78665.293,-0.10,0.06,0,-0.025851774,0
6/3/2026,68123.90,78236.322,-0.13,0.06,0,-0.038985717,0
7/3/2026,67258.90,77794.982,-0.14,0.06,0,-0.012697453,0
8/3/2026,65972.60,77372.148,-0.15,0.06,0,-0.019124607,0
9/3/2026,68435.50,76994.712,-0.11,0.06,0,0.037332165,0
10/3/2026,69951.90,76650.493,-0.09,0.06,0,0.02215809,0
11/3/2026,70190.10,76312.243,-0.08,0.06,0,0.003405197,0
12/3/2026,70494.10,75971.555,-0.07,0.06,0,0.004331095,0
03/13/2026,70957.00,75632.973,-0.06,0.06,0,0.006566507,0
03/14/2026,71203.10,75229.767,-0.05,0.06,0,0.003468298,0
03/15/2026,72816.00,74827.792,-0.03,0.06,0,0.022652104,0
03/16/2026,74864.10,74482.442,0.01,0.06,0,0.02812706,0
03/17/2026,73908.90,74121.763,0.00,0.06,0,-0.01275912,0
03/18/2026,71247.90,73723.538,-0.03,0.06,0,-0.036003783,0
03/19/2026,69916.70,73327.623,-0.05,0.06,0,-0.018684059,0
03/20/2026,70517.20,72959.28,-0.03,0.06,0,0.008588792,0
03/21/2026,68880.50,72633.95,-0.05,0.06,0,-0.02320994,0
03/22/2026,67876.50,72274.662,-0.06,0.06,0,-0.014575969,0
03/23/2026,70908.50,71964.462,-0.01,0.06,0,0.044669363,0
03/24/2026,70549.30,71647.273,-0.02,0.06,0,-0.005065683,0
03/25/2026,71326.80,71348.472,0.00,0.06,0,0.011020662,0
03/26/2026,68812.60,71051.315,-0.03,0.06,0,-0.035249023,0
03/27/2026,66395.80,70685.723,-0.06,0.06,0,-0.035121475,0
03/28/2026,66364.30,70304.717,-0.06,0.06,0,-0.000474428,0
03/29/2026,65994.60,69917.073,-0.06,0.06,0,-0.005570766,0
03/30/2026,66754.60,69618.532,-0.04,0.06,0,0.011516094,0
03/31/2026,68268.30,69352.412,-0.02,0.06,0,0.022675591,0
1/4/2026,68101.00,69175.32,-0.02,0.06,0,-0.002450625,0
2/4/2026,66898.30,69007.357,-0.03,0.06,0,-0.017660534,0
3/4/2026,66955.10,68811.265,-0.03,0.06,0,0.00084905,0
4/4/2026,67297.50,68670.81,-0.02,0.06,0,0.005113875,0
5/4/2026,69011.90,68602.058,0.01,0.06,0,0.025474943,0
6/4/2026,68852.60,68701.97,0.00,0.06,0,-0.002308298,0
7/4/2026,71939.00,68725.025,0.05,0.06,0,0.044826194,0
8/4/2026,71108.50,68754.842,0.03,0.06,0,-0.011544503,0
9/4/2026,71784.00,68778.875,0.04,0.06,0,0.009499568,0
10/4/2026,72961.60,68826.103,0.06,0.06,1,0.01640477,0
11/4/2026,73046.10,68896.7,0.06,0.06,1,0.001158143,0.001158
12/4/2026,70744.20,68958.29,0.03,0.06,0,-0.031512976,-0.03151
04/13/2026,74478.80,69095.458,0.08,0.06,1,0.052790193,0
04/14/2026,74164.90,69183.483,0.07,0.06,1,-0.004214622,-0.00421
04/15/2026,74800.30,69267.082,0.08,0.06,1,0.008567395,0.008567
04/16/2026,75171.40,69373.042,0.08,0.06,1,0.00496121,0.004961
04/17/2026,77127.20,69510.317,0.11,0.06,1,0.026017874,0.026018
04/18/2026,77344.00,69674.535,0.11,0.06,1,0.002810941,0.002811
